{"gradients/graph_1bbox2.bias": {"_type": "histogram", "values": [2.0, 0.0, 0.0, 0.0, 0.0, 0.0, 0.0, 0.0, 0.0, 0.0, 0.0, 0.0, 0.0, 0.0, 0.0, 0.0, 0.0, 0.0, 0.0, 0.0, 0.0, 0.0, 0.0, 0.0, 0.0, 0.0, 0.0, 0.0, 0.0, 0.0, 0.0, 0.0, 0.0, 0.0, 0.0, 0.0, 0.0, 0.0, 0.0, 0.0, 0.0, 0.0, 0.0, 0.0, 0.0, 0.0, 0.0, 0.0, 0.0, 0.0, 0.0, 0.0, 0.0, 0.0, 0.0, 0.0, 0.0, 0.0, 0.0, 0.0, 0.0, 0.0, 1.0, 1.0], "bins": [-1.7790077890822431e-06, -1.5375092061731266e-06, -1.2960105095771723e-06, -1.054511812981218e-06, -8.130132300721016e-07, -5.715146471629851e-07, -3.300159505670308e-07, -8.851725397107657e-08, 1.5298132893803995e-07, 3.9447991184715647e-07, 6.35978494756273e-07, 8.77477305039065e-07, 1.1189758879481815e-06, 1.360474470857298e-06, 1.60197328114009e-06, 1.8434718640492065e-06, 2.084970446958323e-06, 2.3264690298674395e-06, 2.567967612776556e-06, 2.8094661956856726e-06, 3.050964778594789e-06, 3.2924638162512565e-06, 3.533962399160373e-06, 3.7754609820694895e-06, 4.0169597923522815e-06, 4.258457920514047e-06, 4.4999569581705146e-06, 4.74145508633228e-06, 4.982954123988748e-06, 5.224453161645215e-06, 5.465951289806981e-06, 5.707450327463448e-06, 5.9489493651199155e-06, 6.190447948029032e-06, 6.4319465309381485e-06, 6.673445113847265e-06, 6.9149436967563815e-06, 7.156442734412849e-06, 7.3979413173219655e-06, 7.639439900231082e-06, 7.88093893788755e-06, 8.122437066049315e-06, 8.36393519421108e-06, 8.605434231867548e-06, 8.846933269524015e-06, 9.088431397685781e-06, 9.329930435342249e-06, 9.571429472998716e-06, 9.812927601160482e-06, 1.0054425729322247e-05, 1.0295924766978715e-05, 1.0537423804635182e-05, 1.0778921932796948e-05, 1.1020420970453415e-05, 1.1261920008109882e-05, 1.1503418136271648e-05, 1.1744916264433414e-05, 1.1986415302089881e-05, 1.2227914339746349e-05, 1.2469412467908114e-05, 1.2710911505564582e-05, 1.2952409633726347e-05, 1.3193908671382815e-05, 1.343540679954458e-05, 1.3676905837201048e-05]}, "_timestamp": 1687264343.314083, "gradients/graph_1bbox2.weight": {"_type": "histogram", "values": [8.0, 17.0, 26.0, 61.0, 1720.0, 66.0, 25.0, 22.0, 17.0, 4.0, 12.0, 8.0, 2.0, 0.0, 0.0, 0.0, 0.0, 4.0, 2.0, 0.0, 0.0, 1.0, 1.0, 1.0, 3.0, 3.0, 2.0, 3.0, 2.0, 3.0, 1.0, 0.0, 3.0, 1.0, 2.0, 2.0, 1.0, 1.0, 1.0, 2.0, 2.0, 2.0, 1.0, 0.0, 0.0, 0.0, 1.0, 4.0, 3.0, 0.0, 0.0, 0.0, 1.0, 1.0, 0.0, 0.0, 0.0, 0.0, 1.0, 0.0, 1.0, 1.0, 2.0, 1.0], "bins": [-0.0006819387199357152, -0.0005261536571197212, -0.00037036859430372715, -0.00021458353148773313, -5.87984686717391e-05, 9.698659414425492e-05, 0.00025277165696024895, 0.00040855666156858206, 0.000564341782592237, 0.0007201269036158919, 0.000875911908224225, 0.0010316969128325582, 0.001187482033856213, 0.001343267154879868, 0.0014990520430728793, 0.0016548371640965343, 0.0018106222851201892, 0.001966407522559166, 0.002122192643582821, 0.0022779772989451885, 0.0024337624199688435, 0.0025895475409924984, 0.0027453326620161533, 0.0029011177830398083, 0.003056902904063463, 0.003212688025087118, 0.003368473146110773, 0.003524258267134428, 0.0036800429224967957, 0.0038358280435204506, 0.0039916131645441055, 0.0041473982855677605, 0.004303183406591415, 0.00445896852761507, 0.004614753648638725, 0.00477053876966238, 0.004926323890686035, 0.005082108546048403, 0.005237893667072058, 0.005393678788095713, 0.005549463909119368, 0.0057052490301430225, 0.0058610341511666775, 0.006016818806529045, 0.0061726039275527, 0.006328389048576355, 0.00648417416960001, 0.006639959290623665, 0.00679574441164732, 0.006951529532670975, 0.00710731465369463, 0.007263099774718285, 0.0074188848957419395, 0.0075746700167655945, 0.007730454672127962, 0.007886240258812904, 0.008042024448513985, 0.008197810500860214, 0.008353594690561295, 0.00850937981158495, 0.008665164932608604, 0.00882095005363226, 0.008976735174655914, 0.00913252029567957, 0.009288305416703224]}, "gradients/graph_1bbox.bias": {"_type": "histogram", "values": [1.0, 1.0, 1.0, 0.0, 0.0, 1.0, 1.0, 0.0, 0.0, 0.0, 0.0, 1.0, 1.0, 0.0, 0.0, 0.0, 1.0, 0.0, 0.0, 0.0, 0.0, 0.0, 1.0, 3.0, 1.0, 2.0, 5.0, 2.0, 0.0, 2.0, 5.0, 373.0, 4.0, 1.0, 19.0, 16.0, 16.0, 5.0, 6.0, 6.0, 11.0, 6.0, 3.0, 1.0, 3.0, 1.0, 1.0, 1.0, 1.0, 1.0, 0.0, 0.0, 1.0, 1.0, 0.0, 1.0, 2.0, 0.0, 1.0, 0.0, 0.0, 1.0, 0.0, 1.0], "bins": [-1.017104023048887e-05, -9.849506568571087e-06, -9.527972906653304e-06, -9.206440154230222e-06, -8.884906492312439e-06, -8.563372830394655e-06, -8.241839168476872e-06, -7.920305506559089e-06, -7.598772299388656e-06, -7.277239092218224e-06, -6.955705430300441e-06, -6.634171768382657e-06, -6.312638106464874e-06, -5.9911048992944416e-06, -5.669571237376658e-06, -5.348038030206226e-06, -5.0265043682884425e-06, -4.704970706370659e-06, -4.383437499200227e-06, -4.061903837282443e-06, -3.740370630112011e-06, -3.4188369681942277e-06, -3.0973033062764443e-06, -2.775770099106012e-06, -2.4542359824408777e-06, -2.132703230017796e-06, -1.8111695681000128e-06, -1.4896359061822295e-06, -1.1681022442644462e-06, -8.465685823466629e-07, -5.250358299235813e-07, -2.03502168005798e-07, 1.1803058441728354e-07, 4.3956424633506685e-07, 7.610979082528502e-07, 1.0826306606759317e-06, 1.404164322593715e-06, 1.7256979845114984e-06, 2.0472316464292817e-06, 2.368765308347065e-06, 2.6902980607701465e-06, 3.0118321774352808e-06, 3.333365384605713e-06, 3.6548990465234965e-06, 3.97643270844128e-06, 4.297965915611712e-06, 4.619499577529496e-06, 4.941032784699928e-06, 5.262566446617711e-06, 5.584100108535495e-06, 5.905633315705927e-06, 6.22716697762371e-06, 6.548700184794143e-06, 6.870233846711926e-06, 7.1917675086297095e-06, 7.513301170547493e-06, 7.834834832465276e-06, 8.156367584888358e-06, 8.477901246806141e-06, 8.799434908723924e-06, 9.120968570641708e-06, 9.44250132306479e-06, 9.764034984982572e-06, 1.0085568646900356e-05, 1.0407102308818139e-05]}, "gradients/graph_1bbox.weight": {"_type": "histogram", "values": [50.0, 0.0, 0.0, 0.0, 0.0, 0.0, 0.0, 0.0, 0.0, 0.0, 25.0, 25.0, 25.0, 0.0, 0.0, 25.0, 25.0, 0.0, 0.0, 50.0, 25.0, 0.0, 0.0, 0.0, 50.0, 100.0, 100.0, 75.0, 75.0, 150.0, 200.0, 225.0, 275.0, 175.0, 350.0, 350.0, 200.0, 450.0, 1075.0, 1225.0, 2075.0, 4025.0, 9125.0, 33825.0, 3177350.0, 22625.0, 9375.0, 5625.0, 2775.0, 1475.0, 1100.0, 725.0, 500.0, 200.0, 175.0, 150.0, 100.0, 150.0, 25.0, 25.0, 0.0, 0.0, 0.0, 50.0], "bins": [-3.7514811992878094e-05, -3.6663524952018633e-05, -3.5812234273180366e-05, -3.4960947232320905e-05, -3.410965655348264e-05, -3.3258369512623176e-05, -3.240707883378491e-05, -3.155579179292545e-05, -3.0704504752065986e-05, -2.985321407322772e-05, -2.9001925213378854e-05, -2.815063635352999e-05, -2.729934931267053e-05, -2.644805863383226e-05, -2.55967715929728e-05, -2.4745482733123936e-05, -2.389419387327507e-05, -2.3042905013426207e-05, -2.2191616153577343e-05, -2.1340327293728478e-05, -2.0489038433879614e-05, -1.9637751393020153e-05, -1.878646253317129e-05, -1.7935173673322424e-05, -1.708388481347356e-05, -1.6232595953624696e-05, -1.538130709377583e-05, -1.4530018233926967e-05, -1.3678731193067506e-05, -1.2827442333218642e-05, -1.1976153473369777e-05, -1.1124864613520913e-05, -1.0273573934682645e-05, -9.42228507483378e-06, -8.570996214984916e-06, -7.719707355136052e-06, -6.868418495287187e-06, -6.0171314544277266e-06, -5.165842594578862e-06, -4.314553734729998e-06, -3.4632648748811334e-06, -2.611976015032269e-06, -1.7606871551834047e-06, -9.093982953345403e-07, -5.811125447507948e-08, 7.931776053737849e-07, 1.6444664652226493e-06, 2.4957553250715137e-06, 3.347044184920378e-06, 4.198333044769242e-06, 5.049621904618107e-06, 5.900909854972269e-06, 6.752198714821134e-06, 7.603487574669998e-06, 8.45477552502416e-06, 9.306064384873025e-06, 1.015735324472189e-05, 1.1008642104570754e-05, 1.1859930964419618e-05, 1.2711218914773781e-05, 1.3562507774622645e-05, 1.441379663447151e-05, 1.5265084584825672e-05, 1.6116373444674537e-05, 1.69676623045234e-05]}, "gradients/graph_1conv4.weight": {"_type": "histogram",