{"epoch": 0, "loss": 1.0984669208526612, "_timestamp": 1687292289.8150473, "_runtime": 96.32973527908325, "_step": 4}