{"epoch": 0, "loss": 8313.614074707031, "_timestamp": 1686848246.2977552, "_runtime": 12.756890296936035, "_step": 0, "_wandb": {"runtime": 432}}