{"epoch": 1, "loss": 9043.125244140625, "_timestamp": 1686848185.1418262, "_runtime": 41.21637725830078, "_step": 2, "val_loss": 9790.01450892857, "image": {"_type": "image-file", "sha256": "2ef84c091340d90d089b054ddb2514a8c75d8fe802383ef497c856c983466ec4", "size": 559, "path": "media/images/image_1_2ef84c091340d90d089b.png", "format": "png", "width": 256, "height": 256}, "_wandb": {"runtime": 22}}