{"epoch": 6, "loss": 0.8266073870658874, "_timestamp": 1687281104.709544, "_runtime": 234.48238801956177, "_step": 111, "gradients/graph_2bbox2.bias": {"_type": "histogram", "values": [1.0, 0.0, 0.0, 0.0, 0.0, 0.0, 0.0, 0.0, 0.0, 0.0, 0.0, 0.0, 0.0, 0.0, 0.0, 0.0, 0.0, 0.0, 0.0, 0.0, 0.0, 0.0, 0.0, 0.0, 0.0, 0.0, 1.0, 0.0, 1.0, 0.0, 0.0, 0.0, 0.0, 0.0, 0.0, 0.0, 0.0, 0.0, 0.0, 0.0, 0.0, 0.0, 0.0, 0.0, 0.0, 0.0, 0.0, 0.0, 0.0, 0.0, 0.0, 0.0, 0.0, 0.0, 0.0, 0.0, 0.0, 0.0, 0.0, 0.0, 0.0, 0.0, 0.0, 1.0], "bins": [-0.00132794922683388, -0.0012525971978902817, -0.0011772450525313616, -0.0011018930235877633, -0.001026540994644165, -0.0009511888492852449, -0.0008758368203416467, -0.0008004847331903875, -0.0007251326460391283, -0.0006497805588878691, -0.0005744284717366099, -0.0004990764427930117, -0.0004237243556417525, -0.0003483722684904933, -0.00027302023954689503, -0.00019766809418797493, -0.00012231606524437666, -4.696403630077839e-05, 2.838810905814171e-05, 0.00010374013800173998, 0.00017909228336066008, 0.00025444431230425835, 0.0003297963412478566, 0.0004051484866067767, 0.000480500515550375, 0.0005558525444939733, 0.0006312046898528934, 0.0007065568352118134, 0.0007819087477400899, 0.00085726089309901, 0.0009326130384579301, 0.0010079649509862065, 0.0010833172127604485, 0.0011586693581193686, 0.001234021270647645, 0.001309373416006565, 0.0013847255613654852, 0.0014600774738937616, 0.0015354296192526817, 0.0016107817646116018, 0.0016861337935552, 0.0017614858224987984, 0.0018368379678577185, 0.0019121899968013167, 0.001987542025744915, 0.002062894171103835, 0.002138246316462755, 0.0022135982289910316, 0.0022889503743499517, 0.002364302519708872, 0.0024396544322371483, 0.0025150065775960684, 0.0025903587229549885, 0.002665710635483265, 0.002741062780842185, 0.002816414926201105, 0.0028917668387293816, 0.0029671189840883017, 0.0030424711294472218, 0.003117823041975498, 0.0031931751873344183, 0.0032685273326933384, 0.0033438794780522585, 0.003419231390580535, 0.003494583535939455]}, "gradients/graph_2bbox2.weight": {"_type": "histogram", "values": [1.0, 0.0, 1.0, 0.0, 0.0, 1.0, 0.0, 0.0, 1.0, 0.0, 1.0, 0.0, 1.0, 2.0, 0.0, 2.0, 1.0, 5.0, 6.0, 4.0, 3.0, 2.0, 4.0, 11.0, 6.0, 1861.0, 11.0, 10.0, 15.0, 14.0, 7.0, 3.0, 7.0, 7.0, 5.0, 0.0, 5.0, 4.0, 4.0, 5.0, 0.0, 4.0, 4.0, 4.0, 4.0, 2.0, 0.0, 1.0, 0.0, 2.0, 2.0, 2.0, 0.0, 5.0, 1.0, 0.0, 0.0, 2.0, 2.0, 0.0, 1.0, 1.0, 0.0, 1.0], "bins": [-0.04406008869409561, -0.0423361100256443, -0.04061213135719299, -0.038888152688741684, -0.037164174020290375, -0.03544019162654877, -0.033716216683387756, -0.03199223428964615, -0.03026825562119484, -0.02854427695274353, -0.02682029828429222, -0.025096319615840912, -0.023372340947389603, -0.021648362278938293, -0.019924381747841835, -0.018200403079390526, -0.016476424410939217, -0.014752445742487907, -0.013028467074036598, -0.01130448654294014, -0.00958050787448883, -0.007856529206037521, -0.006132550537586212, -0.004408571869134903, -0.0026845932006835938, -0.0009606145322322845, 0.0007633641362190247, 0.0024873465299606323, 0.0042113251984119415, 0.005935303866863251, 0.00765928253531456, 0.00938326120376587, 0.011107239872217178, 0.012831218540668488, 0.014555197209119797, 0.016279175877571106, 0.018003154546022415, 0.019727133214473724, 0.021451115608215332, 0.02317509427666664, 0.02489907294511795, 0.02662305161356926, 0.02834703028202057, 0.030071008950471878, 0.03179498761892319, 0.033518966287374496, 0.035242944955825806, 0.03696692734956741, 0.038690902292728424, 0.04041488468647003, 0.04213885962963104, 0.04386284202337265, 0.04558682069182396, 0.04731079936027527, 0.04903477802872658, 0.05075875669717789, 0.052482735365629196, 0.054206714034080505, 0.05593069642782211, 0.057654671370983124, 0.05937865376472473, 0.06110263243317604, 0.06282661110162735, 0.06455058604478836, 0.06627456843852997]}, "gradients/graph_2bbox.bias": {"_type": "histogram", "values": [1.0, 0.0, 0.0, 0.0, 0.0, 2.0, 0.0, 0.0, 0.0, 1.0, 0.0, 0.0, 0.0, 0.0, 0.0, 1.0, 1.0, 0.0, 0.0, 0.0, 1.0, 4.0, 3.0, 1.0, 2.0, 459.0, 2.0, 4.0, 1.0, 1.0, 5.0, 0.0, 2.0, 3.0, 1.0, 1.0, 2.0, 1.0, 1.0, 3.0, 0.0, 0.0, 1.0, 2.0, 0.0, 0.0, 1.0, 0.0, 0.0, 1.0, 1.0, 0.0, 1.0, 0.0, 0.0, 0.0, 1.0, 0.0, 0.0, 0.0, 0.0, 0.0, 0.0, 1.0], "bins": [-0.0013647135347127914, -0.0013120330404490232, -0.001259352546185255, -0.0012066720519214869, -0.0011539915576577187, -0.0011013110633939505, -0.0010486305691301823, -0.000995950191281736, -0.0009432696970179677, -0.0008905892027541995, -0.0008379087084904313, -0.0007852282142266631, -0.0007325477199628949, -0.0006798672256991267, -0.0006271867896430194, -0.0005745062953792512, -0.000521825801115483, -0.00046914530685171485, -0.00041646481258794665, -0.00036378437653183937, -0.0003111038822680712, -0.000258423388004303, -0.00020574289374053478, -0.00015306239947676659, -0.00010038190521299839, -4.7701410949230194e-05, 4.979083314538002e-06, 5.765946116298437e-05, 0.00011033995542675257, 0.00016302044969052076, 0.00021570094395428896, 0.00026838143821805716, 0.00032106193248182535, 0.00037374242674559355, 0.00042642292100936174, 0.00047910341527312994, 0.0005317839095368981, 0.0005844644038006663, 0.0006371447816491127, 0.0006898252759128809, 0.0007425057701766491, 0.0007951862644404173, 0.0008478667587041855, 0.0009005472529679537, 0.0009532277472317219, 0.00100590824149549, 0.0010585887357592583, 0.0011112692300230265, 0.0011639497242867947, 0.0012166302185505629, 0.001269310712814331, 0.0013219910906627774, 0.0013746715849265456, 0.0014273520791903138, 0.001480032573454082, 0.0015327130677178502, 0.0015853935619816184, 0.0016380740562453866, 0.001690754434093833, 0.0017434349283576012, 0.0017961154226213694, 0.0018487959168851376, 0.0019014764111489058, 0.001954156905412674, 0.002006837399676442]}, "gradients/graph_2bbox.weight": {"_type": "histogram", "values": [25.0, 0.0, 0.0, 0.0, 50.0, 50.0, 50.0, 50.0, 100.0, 125.0, 25.0, 200.0, 100.0, 200.0, 200.0, 250.0, 200.0, 425.0, 225.0, 500.0, 375.0, 1627525.0, 950.0, 850.0, 675.0, 575.0, 775.0, 650.0, 450.0, 450.0, 375.0, 150.0, 325.0, 250.0, 200.0, 100.0, 125.0, 75.0, 100.0, 100.0, 75.0, 75.0, 50.0, 25.0, 25.0, 0.0, 75.0, 25.0, 50.0, 25.0, 25.0, 0.0, 25.0, 0.0, 0.0, 25.0, 0.0, 0.0, 25.0, 0.0, 0.0, 0.0, 0.0, 25.0], "bins": [-0.0007627331069670618, -0.0007275733514688909, -0.0006924135377630591, -0.0006572537822648883, -0.0006220940267667174, -0.0005869342712685466, -0.0005517744575627148, -0.000516614702064544, -0.00048145491746254265, -0.00044629513286054134, -0.0004111353773623705, -0.0003759755927603692, -0.00034081580815836787, -0.000305656052660197, -0.00027049629716202617, -0.0002353364834561944, -0.00020017672795802355, -0.0001650169724598527, -0.00012985715875402093, -9.469740325585008e-05, -5.9537647757679224e-05, -2.4377834051847458e-05, 1.0781921446323395e-05, 4.594167694449425e-05, 8.110149065032601e-05, 0.00011626124614849687, 0.00015142100164666772, 0.00018658075714483857, 0.00022174051264300942, 0.0002569003845565021, 0.00029206014005467296, 0.0003272198955528438, 0.00036237959284335375, 0.0003975393483415246, 0.00043269910383969545, 0.0004678588593378663, 0.000503018731251359, 0.0005381784867495298, 0.0005733382422477007, 0.0006084979977458715, 0.0006436577532440424, 0.0006788175669498742, 0.000713977322448045, 0.0007491370779462159, 0.0007842968916520476, 0.0008194566471502185, 0.0008546164026483893, 0.0008897762163542211, 0.000924935971852392, 0.0009600957273505628, 0.0009952555410563946, 0.0010304152965545654, 0.0010655750520527363, 0.0011007348075509071, 0.001135894563049078, 0.0011710543185472488, 0.0012062141904607415, 0.0012413739459589124, 0.0012765337014570832, 0.001311693456955254, 0.001346853212453425, 0.0013820130843669176, 0.0014171728398650885, 0.0014523325953632593, 0.0014874923508614302]}, "gradients/graph_2conv4.weight": {"_type": "histogram",