{"gradients/graph_12bbox2.bias": {"_type": "histogram", "values": [1.0, 0.0, 0.0, 0.0, 0.0, 0.0, 0.0, 0.0, 0.0, 0.0, 0.0, 0.0, 0.0, 0.0, 0.0, 0.0, 0.0, 0.0, 0.0, 0.0, 0.0, 0.0, 0.0, 0.0, 0.0, 0.0, 0.0, 0.0, 0.0, 0.0, 0.0, 0.0, 0.0, 0.0, 0.0, 0.0, 0.0, 0.0, 0.0, 0.0, 0.0, 0.0, 0.0, 0.0, 0.0, 1.0, 0.0, 0.0, 0.0, 0.0, 0.0, 0.0, 0.0, 0.0, 0.0, 0.0, 0.0, 0.0, 0.0, 0.0, 0.0, 0.0, 1.0, 1.0], "bins": [-0.009999208152294159, -0.009826542809605598, -0.009653878398239613, -0.009481213055551052, -0.009308547712862492, -0.009135883301496506, -0.008963217958807945, -0.008790552616119385, -0.008617888204753399, -0.008445222862064838, -0.008272557519376278, -0.008099893108010292, -0.007927227765321732, -0.007754562422633171, -0.007581897545605898, -0.007409232668578625, -0.007236567325890064, -0.007063902448862791, -0.006891237571835518, -0.006718572229146957, -0.006545907352119684, -0.006373242475092411, -0.0062005771324038506, -0.006027912255376577, -0.005855247378349304, -0.005682582035660744, -0.0055099171586334705, -0.005337252281606197, -0.005164586938917637, -0.004991922061890364, -0.0048192571848630905, -0.00464659184217453, -0.004473927430808544, -0.004301262088119984, -0.004128596745431423, -0.003955932334065437, -0.0037832672242075205, -0.00361060188151896, -0.003437937004491687, -0.0032652721274644136, -0.003092606784775853, -0.00291994190774858, -0.002747276797890663, -0.0025746116880327463, -0.002401946811005473, -0.0022292817011475563, -0.0020566165912896395, -0.0018839517142623663, -0.0017112866044044495, -0.0015386214945465326, -0.0013659566175192595, -0.0011932915076613426, -0.0010206263978034258, -0.0008479614043608308, -0.0006752964109182358, -0.000502631301060319, -0.00032996630761772394, -0.00015730131417512894, 1.5363795682787895e-05, 0.0001880287891253829, 0.0003606938407756388, 0.0005333588924258947, 0.0007060238858684897, 0.0008786889375187457, 0.0010513539891690016]}, "_timestamp": 1687286966.0778346, "gradients/graph_12bbox2.weight": {"_type": "histogram", "values": [1.0, 0.0, 0.0, 0.0, 0.0, 0.0, 0.0, 0.0, 0.0, 0.0, 0.0, 0.0, 0.0, 0.0, 0.0, 0.0, 1.0, 0.0, 0.0, 0.0, 0.0, 0.0, 0.0, 0.0, 0.0, 0.0, 0.0, 0.0, 0.0, 0.0, 0.0, 0.0, 0.0, 0.0, 0.0, 0.0, 0.0, 0.0, 0.0, 0.0, 0.0, 1.0, 0.0, 0.0, 0.0, 0.0, 0.0, 0.0, 0.0, 0.0, 1.0, 0.0, 2.0, 0.0, 1.0, 1.0, 0.0, 0.0, 3.0, 1.0, 3.0, 8.0, 1000.0, 1.0], "bins": [-0.16174431145191193, -0.1591380536556244, -0.15653181076049805, -0.1539255529642105, -0.15131929516792297, -0.14871305227279663, -0.1461067944765091, -0.14350053668022156, -0.14089429378509521, -0.13828803598880768, -0.13568177819252014, -0.1330755352973938, -0.13046927750110626, -0.12786301970481873, -0.12525677680969238, -0.12265051901340485, -0.12004426121711731, -0.11743801087141037, -0.11483176052570343, -0.1122255027294159, -0.10961925238370895, -0.10701300203800201, -0.10440674424171448, -0.10180049389600754, -0.0991942435503006, -0.09658798575401306, -0.09398173540830612, -0.09137548506259918, -0.08876922726631165, -0.0861629769206047, -0.08355672657489777, -0.08095046877861023, -0.07834421843290329, -0.07573796808719635, -0.07313171029090881, -0.07052545994520187, -0.06791920959949493, -0.0653129518032074, -0.06270670145750046, -0.06010044738650322, -0.05749418959021568, -0.05488793924450874, -0.052281685173511505, -0.04967543110251427, -0.04706918075680733, -0.04446292668581009, -0.04185667261481285, -0.03925042226910591, -0.03664416819810867, -0.034037914127111435, -0.031431663781404495, -0.028825409710407257, -0.02621915563941002, -0.02361290529370308, -0.02100665122270584, -0.018400397151708603, -0.015794146806001663, -0.013187893666327, -0.010581639595329762, -0.007975387386977673, -0.005369134247303009, -0.0027628811076283455, -0.00015662843361496925, 0.0024496244732290506, 0.0050558773800730705]}, "gradients/graph_12bbox.bias": {"_type": "histogram", "values": [1.0, 0.0, 0.0, 0.0, 0.0, 0.0, 0.0, 0.0, 0.0, 0.0, 0.0, 0.0, 0.0, 0.0, 0.0, 0.0, 0.0, 0.0, 0.0, 0.0, 0.0, 0.0, 0.0, 0.0, 0.0, 0.0, 0.0, 0.0, 0.0, 0.0, 0.0, 0.0, 0.0, 0.0, 0.0, 1.0, 0.0, 0.0, 0.0, 0.0, 0.0, 0.0, 0.0, 0.0, 0.0, 0.0, 1.0, 0.0, 0.0, 0.0, 1.0, 0.0, 0.0, 0.0, 0.0, 0.0, 0.0, 0.0, 0.0, 247.0, 1.0, 2.0, 1.0, 1.0], "bins": [-0.017232414335012436, -0.016944222152233124, -0.01665603183209896, -0.01636783964931965, -0.016079647466540337, -0.015791457146406174, -0.015503264963626862, -0.015215073712170124, -0.014926882460713387, -0.014638690277934074, -0.014350499026477337, -0.0140623077750206, -0.013774115592241287, -0.01348592434078455, -0.013197733089327812, -0.012909541837871075, -0.012621350586414337, -0.012333158403635025, -0.012044967152178288, -0.01175677590072155, -0.011468583717942238, -0.0111803924664855, -0.010892201215028763, -0.01060400903224945, -0.010315817780792713, -0.010027626529335976, -0.009739434346556664, -0.0094512440264225, -0.009163051843643188, -0.008874860592186451, -0.008586669340729713, -0.008298477157950401, -0.008010285906493664, -0.007722094655036926, -0.007433902472257614, -0.007145711220800877, -0.006857519969344139, -0.006569328717887402, -0.006281137466430664, -0.005992945283651352, -0.005704754032194614, -0.005416562780737877, -0.005128370597958565, -0.004840179346501827, -0.00455198809504509, -0.004263796843588352, -0.00397560466080904, -0.003687413642182946, -0.0033992219250649214, -0.0031110302079468966, -0.002822838956490159, -0.002534647472202778, -0.0022464559879153967, -0.001958264270797372, -0.0016700727865099907, -0.0013818813022226095, -0.0010936898179352283, -0.0008054983336478472, -0.000517306849360466, -0.000229115248657763, 5.907623562961817e-05, 0.00034726771991699934, 0.0006354592624120414, 0.0009236508049070835, 0.0012118422891944647]}, "gradients/graph_12bbox.weight": {"_type": "histogram", "values": [25.0, 0.0, 0.0, 0.0, 0.0, 0.0, 0.0, 0.0, 0.0, 0.0, 0.0, 0.0, 0.0, 0.0, 0.0, 0.0, 0.0, 0.0, 0.0, 0.0, 0.0, 0.0, 0.0, 0.0, 0.0, 0.0, 0.0, 0.0, 0.0, 0.0, 0.0, 0.0, 25.0, 0.0, 0.0, 25.0, 0.0, 0.0, 0.0, 0.0, 0.0, 0.0, 0.0, 0.0, 0.0, 0.0, 25.0, 25.0, 0.0, 0.0, 25.0, 0.0, 0.0, 25.0, 0.0, 25.0, 0.0, 0.0, 0.0, 818725.0, 125.0, 50.0, 50.0, 50.0], "bins": [-0.005505729001015425, -0.005413962062448263, -0.005322195589542389, -0.005230428650975227, -0.005138662178069353, -0.0050468952395021915, -0.004955128766596317, -0.004863361828029156, -0.004771594889461994, -0.00467982841655612, -0.004588061477988958, -0.004496295005083084, -0.0044045280665159225, -0.004312761127948761, -0.004220994655042887, -0.004129227716475725, -0.004037461243569851, -0.003945694305002689, -0.003853927366435528, -0.0037621608935296535, -0.003670393954962492, -0.003578627249225974, -0.003486860543489456, -0.0033950938377529383, -0.0033033271320164204, -0.003211560193449259, -0.003119793487712741, -0.003028026781976223, -0.002936260076239705, -0.002844493370503187, -0.0027527264319360256, -0.0026609597261995077, -0.002569192787632346, -0.0024774260818958282, -0.0023856593761593103, -0.0022938924375921488, -0.002202125731855631, -0.002110359026119113, -0.002018592320382595, -0.0019268256146460772, -0.0018350586760789156, -0.0017432919703423977, -0.0016515252646058798, -0.0015597585588693619, -0.001467991853132844, -0.0013762250309810042, -0.0012844583252444863, -0.0011926915030926466, -0.0011009247973561287, -0.0010091580916196108, -0.000917391269467771, -0.0008256245637312531, -0.0007338577415794134, -0.0006420910358428955, -0.0005503243301063776, -0.00045855759526602924, -0.0003667908313218504, -0.0002750240673776716, -0.00018325730343349278, -9.149059769697487e-05, 2.761662472039461e-07, 9.204293019138277e-05, 0.00018380966503173113, 0.00027557642897590995, 0.0003673431638162583]}, "gradients/graph_12conv4.weight": {"_type": "histogram",