{"epoch": 0, "loss": 10658.42642211914, "_timestamp": 1686921479.1494594, "_runtime": 10.577640295028687, "_step": 0, "_wandb": {"runtime": 13}}