{"epoch": 4, "loss": -14013181087959.578, "_timestamp": 1686957146.9179566, "_runtime": 277.27385354042053, "_step": 47, "gradients/bbox2.bias": {"_type": "histogram", "values": [1.0, 0.0, 0.0, 0.0, 0.0, 0.0, 0.0, 0.0, 0.0, 0.0, 0.0, 0.0, 0.0, 0.0, 0.0, 0.0, 0.0, 0.0, 0.0, 0.0, 0.0, 0.0, 0.0, 0.0, 0.0, 0.0, 0.0, 0.0, 0.0, 0.0, 0.0, 1.0, 1.0, 0.0, 0.0, 0.0, 0.0, 0.0, 0.0, 0.0, 0.0, 0.0, 0.0, 0.0, 0.0, 0.0, 0.0, 0.0, 0.0, 0.0, 0.0, 0.0, 0.0, 0.0, 0.0, 0.0, 0.0, 0.0, 0.0, 0.0, 0.0, 0.0, 0.0, 1.0], "bins": [-0.02654462680220604, -0.02571510709822178, -0.02488558739423752, -0.024056067690253258, -0.023226547986268997, -0.022397028282284737, -0.021567508578300476, -0.020737990736961365, -0.019908469170331955, -0.019078951328992844, -0.018249429762363434, -0.017419911921024323, -0.016590392217040062, -0.0157608725130558, -0.01493135280907154, -0.01410183310508728, -0.01327231340110302, -0.01244279369711876, -0.011613273993134499, -0.010783754289150238, -0.009954234585165977, -0.009124714881181717, -0.008295195177197456, -0.007465675473213196, -0.0066361576318740845, -0.005806637927889824, -0.004977118223905563, -0.004147598519921303, -0.0033180788159370422, -0.0024885591119527817, -0.0016590394079685211, -0.0008295197039842606, 0.0, 0.0008295197039842606, 0.0016590394079685211, 0.0024885591119527817, 0.0033180788159370422, 0.004147598519921303, 0.004977118223905563, 0.005806637927889824, 0.0066361576318740845, 0.007465675473213196, 0.008295195177197456, 0.009124714881181717, 0.009954234585165977, 0.010783754289150238, 0.011613273993134499, 0.01244279369711876, 0.01327231340110302, 0.01410183310508728, 0.01493135280907154, 0.0157608725130558, 0.016590392217040062, 0.017419911921024323, 0.018249429762363434, 0.019078951328992844, 0.019908469170331955, 0.020737990736961365, 0.021567508578300476, 0.022397028282284737, 0.023226547986268997, 0.024056067690253258, 0.02488558739423752, 0.02571510709822178, 0.02654462680220604]}, "gradients/bbox2.weight": {"_type": "histogram", "values": [4.0, 12.0, 26.0, 50.0, 63.0, 56.0, 30.0, 27.0, 3.0, 2.0, 0.0, 0.0, 0.0, 0.0, 0.0, 0.0, 0.0, 0.0, 0.0, 0.0, 0.0, 0.0, 0.0, 0.0, 0.0, 0.0, 0.0, 0.0, 0.0, 0.0, 0.0, 225.0, 3325.0, 0.0, 0.0, 0.0, 0.0, 0.0, 0.0, 0.0, 0.0, 0.0, 0.0, 0.0, 0.0, 0.0, 0.0, 0.0, 0.0, 0.0, 0.0, 0.0, 0.0, 0.0, 2.0, 3.0, 27.0, 30.0, 56.0, 63.0, 50.0, 26.0, 12.0, 4.0], "bins": [-86369189888.0, -83670155264.0, -80971112448.0, -78272077824.0, -75573043200.0, -72874000384.0, -70174965760.0, -67475931136.0, -64776892416.0, -62077853696.0, -59378819072.0, -56679780352.0, -53980741632.0, -51281707008.0, -48582668288.0, -45883633664.0, -43184594944.0, -40485556224.0, -37786521600.0, -35087482880.0, -32388448256.0, -29689409536.0, -26990370816.0, -24291336192.0, -21592297472.0, -18893258752.0, -16194224128.0, -13495189504.0, -10796146688.0, -8097112064.0, -5398077440.0, -2699034624.0, 0.0, 2699034624.0, 5398077440.0, 8097112064.0, 10796146688.0, 13495189504.0, 16194224128.0, 18893258752.0, 21592297472.0, 24291336192.0, 26990370816.0, 29689409536.0, 32388448256.0, 35087482880.0, 37786521600.0, 40485556224.0, 43184594944.0, 45883633664.0, 48582668288.0, 51281707008.0, 53980741632.0, 56679780352.0, 59378819072.0, 62077853696.0, 64776892416.0, 67475931136.0, 70174965760.0, 72874000384.0, 75573043200.0, 78272077824.0, 80971112448.0, 83670155264.0, 86369189888.0]}, "gradients/bbox.bias": {"_type": "histogram", "values": [1.0, 3.0, 3.0, 3.0, 13.0, 14.0, 21.0, 27.0, 34.0, 29.0, 27.0, 31.0, 20.0, 12.0, 18.0, 9.0, 4.0, 3.0, 1.0, 0.0, 0.0, 0.0, 0.0, 0.0, 0.0, 0.0, 0.0, 0.0, 0.0, 0.0, 0.0, 0.0, 0.0, 0.0, 0.0, 0.0, 0.0, 0.0, 0.0, 0.0, 0.0, 0.0, 0.0, 0.0, 0.0, 0.0, 0.0, 0.0, 0.0, 0.0, 0.0, 0.0, 0.0, 0.0, 0.0, 0.0, 0.0, 0.0, 0.0, 0.0, 0.0, 0.0, 0.0, 751.0], "bins": [-0.028845734894275665, -0.028395019471645355, -0.027944305911660194, -0.027493590489029884, -0.027042876929044724, -0.026592161506414413, -0.026141447946429253, -0.025690732523798943, -0.025240018963813782, -0.02478930354118347, -0.02433858811855316, -0.023887874558568, -0.02343715913593769, -0.02298644557595253, -0.02253573015332222, -0.02208501473069191, -0.02163430117070675, -0.021183587610721588, -0.020732872188091278, -0.020282156765460968, -0.019831443205475807, -0.019380727782845497, -0.018930014222860336, -0.018479298800230026, -0.018028583377599716, -0.017577869817614555, -0.017127156257629395, -0.016676440834999084, -0.016225725412368774, -0.015775009989738464, -0.015324296429753304, -0.014873581938445568, -0.014422867447137833, -0.013972152955830097, -0.013521438464522362, -0.013070723973214626, -0.012620009481906891, -0.01216929405927658, -0.011718579567968845, -0.01126786507666111, -0.010817150585353374, -0.010366436094045639, -0.009915721602737904, -0.009465007111430168, -0.009014291688799858, -0.008563577197492123, -0.008112862706184387, -0.007662148214876652, -0.007211433723568916, -0.006760719232261181, -0.0063100047409534454, -0.005859289783984423, -0.005408575292676687, -0.004957860801368952, -0.004507145844399929, -0.004056431353092194, -0.003605716861784458, -0.0031550023704767227, -0.0027042876463383436, -0.0022535729221999645, -0.001802858430892229, -0.0013521438231691718, -0.0009014292154461145, -0.00045071460772305727, 0.0]}, "gradients/bbox.weight": {"_type": "histogram", "values": [4.0, 12.0, 54.0, 117.0, 287.0, 571.0, 1049.0, 1791.0, 3008.0, 4974.0, 7489.0, 10882.0, 15374.0, 21083.0, 27544.0, 34179.0, 42462.0, 51140.0, 60493.0, 70366.0, 79865.0, 91195.0, 103012.0, 116541.0, 131441.0, 148067.0, 169090.0, 191373.0, 216655.0, 240670.0, 263072.0, 278299.0, 282828.0, 277861.0, 262335.0, 238739.0, 207288.0, 170832.0, 135072.0, 99579.0, 69882.0, 48586.0, 34774.0, 26713.0, 20492.0, 14208.0, 8305.0, 3725.0, 1275.0, 298.0, 50.0, 6.0, 1.0, 0.0, 0.0, 0.0, 0.0, 0.0, 0.0, 0.0, 0.0, 0.0, 0.0, 14589360.0], "bins": [-18151736.0, -17868116.0, -17584494.0, -17300874.0, -17017252.0, -16733632.0, -16450011.0, -16166390.0, -15882769.0, -15599148.0, -15315527.0, -15031906.0, -14748286.0, -14464664.0, -14181044.0, -13897423.0, -13613802.0, -13330181.0, -13046560.0, -12762940.0, -12479318.0, -12195698.0, -11912077.0, -11628456.0, -11344835.0, -11061214.0, -10777593.0, -10493972.0, -10210352.0, -9926730.0, -9643110.0, -9359489.0, -9075868.0, -8792247.0, -8508626.0, -8225005.5, -7941384.5, -7657763.5, -7374143.0, -7090522.0, -6806901.0, -6523280.0, -6239659.0, -5956038.5, -5672417.5, -5388796.5, -5105176.0, -4821555.0, -4537934.0, -4254313.0, -3970692.25, -3687071.5, -3403450.5, -3119829.5, -2836208.75, -2552588.0, -2268967.0, -1985346.125, -1701725.25, -1418104.375, -1134483.5, -850862.625, -567241.75, -283620.875, 0.0]}, "gradients/conv4.weight": {"_type": "histogram", "values": [9.0, 12.0, 39.0, 126.0, 250.0, 693.0, 1486.0, 2460.0, 3362.0, 4747.0, 5984.0, 7202.0, 9068.0, 10651.0, 12248.0, 13681.0, 14209.0, 14281.0, 13937.0, 12525.0, 10615.0, 8568.0, 6885.0, 5510.0, 3970.0, 2694.0, 1781.0, 1001.0, 667.0, 636.0, 640.0, 551.0, 462.0, 344.0, 164.0, 147.0, 51.0, 17.0, 2.0, 0.0, 0.0, 0.0, 0.0, 0.0, 0.0, 0.0, 0.0, 0.0, 0.0, 0.0, 0.0, 0.0, 0.0, 0.0, 0.0, 0.0, 0.0, 0.0, 0.0, 0.0, 0.0, 0.0, 0.0, 33125.0],