{"epoch": 0, "loss": -4.534070700407028, "_timestamp": 1686957487.2838492, "_runtime": 162.97948217391968, "_step": 0, "_wandb": {"runtime": 278}}