{"epoch": 0, "loss": 12020.477264404297, "_timestamp": 1686828786.323328, "_runtime": 9.595499038696289, "_step": 0, "_wandb": {"runtime": 8}}