{"gradients/bbox2.bias": {"_type": "histogram", "values": [1.0, 0.0, 0.0, 0.0, 0.0, 0.0, 0.0, 0.0, 0.0, 0.0, 0.0, 0.0, 0.0, 0.0, 0.0, 0.0, 0.0, 0.0, 0.0, 0.0, 0.0, 0.0, 0.0, 0.0, 0.0, 0.0, 0.0, 0.0, 0.0, 0.0, 0.0, 0.0, 0.0, 0.0, 0.0, 0.0, 0.0, 0.0, 0.0, 0.0, 0.0, 0.0, 0.0, 0.0, 0.0, 0.0, 0.0, 0.0, 0.0, 0.0, 0.0, 0.0, 0.0, 0.0, 0.0, 0.0, 0.0, 0.0, 0.0, 0.0, 0.0, 0.0, 0.0, 3.0], "bins": [-0.06206614151597023, -0.06109249219298363, -0.060118842869997025, -0.05914519354701042, -0.05817154422402382, -0.057197894901037216, -0.05622424557805061, -0.05525059625506401, -0.05427694693207741, -0.05330329388380051, -0.052329644560813904, -0.0513559952378273, -0.0503823459148407, -0.049408696591854095, -0.04843504726886749, -0.04746139794588089, -0.04648774862289429, -0.045514099299907684, -0.04454044997692108, -0.04356680065393448, -0.042593151330947876, -0.04161950200796127, -0.04064585268497467, -0.03967220336198807, -0.038698554039001465, -0.03772490471601486, -0.03675125539302826, -0.035777606070041656, -0.034803956747055054, -0.03383030742406845, -0.03285665810108185, -0.031883008778095245, -0.030909357592463493, -0.02993570826947689, -0.028962058946490288, -0.027988409623503685, -0.027014760300517082, -0.02604111097753048, -0.025067459791898727, -0.024093810468912125, -0.023120161145925522, -0.02214651182293892, -0.021172862499952316, -0.020199213176965714, -0.01922556385397911, -0.018251914530992508, -0.017278265208005905, -0.016304615885019302, -0.015330965630710125, -0.014357316307723522, -0.01338366698473692, -0.012410016730427742, -0.01143636740744114, -0.010462718084454536, -0.009489068761467934, -0.008515419438481331, -0.007541770115494728, -0.006568120792508125, -0.005594471003860235, -0.004620821680873632, -0.0036471718922257423, -0.002673522336408496, -0.0016998730134218931, -0.0007262234576046467, 0.0002474260109011084]}, "_timestamp": 1687264030.4164329, "gradients/bbox2.weight": {"_type": "histogram", "values": [1.0, 0.0, 0.0, 0.0, 0.0, 0.0, 0.0, 0.0, 0.0, 0.0, 0.0, 0.0, 0.0, 0.0, 0.0, 0.0, 0.0, 0.0, 1.0, 0.0, 0.0, 0.0, 0.0, 0.0, 0.0, 0.0, 0.0, 0.0, 0.0, 0.0, 0.0, 0.0, 0.0, 0.0, 0.0, 0.0, 0.0, 0.0, 0.0, 1.0, 0.0, 0.0, 0.0, 0.0, 0.0, 0.0, 0.0, 0.0, 0.0, 0.0, 0.0, 0.0, 1.0, 1.0, 0.0, 1.0, 2.0, 3.0, 2.0, 5.0, 5.0, 2.0, 2.0, 2021.0], "bins": [-1874.1466064453125, -1844.86279296875, -1815.5789794921875, -1786.295166015625, -1757.01123046875, -1727.7274169921875, -1698.443603515625, -1669.1597900390625, -1639.8759765625, -1610.592041015625, -1581.3082275390625, -1552.0244140625, -1522.7406005859375, -1493.456787109375, -1464.1728515625, -1434.88916015625, -1405.605224609375, -1376.3214111328125, -1347.03759765625, -1317.753662109375, -1288.469970703125, -1259.18603515625, -1229.9022216796875, -1200.618408203125, -1171.3345947265625, -1142.05078125, -1112.766845703125, -1083.483154296875, -1054.19921875, -1024.9154052734375, -995.631591796875, -966.3477172851562, -937.0638427734375, -907.780029296875, -878.4961547851562, -849.2123413085938, -819.9285278320312, -790.6446533203125, -761.36083984375, -732.0770263671875, -702.7931518554688, -673.5093383789062, -644.2255249023438, -614.941650390625, -585.6578369140625, -556.3740234375, -527.0901489257812, -497.80633544921875, -468.5224914550781, -439.2386474609375, -409.954833984375, -380.6709899902344, -351.38714599609375, -322.10333251953125, -292.8194885253906, -263.53564453125, -234.2518310546875, -204.96800231933594, -175.6841583251953, -146.40032958984375, -117.11648559570312, -87.83264923095703, -58.54882049560547, -29.264984130859375, 0.018849534913897514]}, "gradients/bbox.bias": {"_type": "histogram", "values": [1.0, 0.0, 0.0, 0.0, 0.0, 0.0, 0.0, 3.0, 0.0, 0.0, 0.0, 0.0, 0.0, 1.0, 0.0, 0.0, 1.0, 0.0, 0.0, 1.0, 0.0, 0.0, 1.0, 0.0, 0.0, 0.0, 1.0, 0.0, 0.0, 0.0, 0.0, 2.0, 1.0, 0.0, 1.0, 1.0, 1.0, 0.0, 0.0, 0.0, 0.0, 0.0, 3.0, 485.0, 0.0, 0.0, 1.0, 1.0, 1.0, 1.0, 0.0, 0.0, 1.0, 3.0, 0.0, 0.0, 0.0, 0.0, 0.0, 0.0, 0.0, 0.0, 0.0, 1.0], "bins": [-0.14739497005939484, -0.14400357007980347, -0.1406121850013733, -0.13722078502178192, -0.13382938504219055, -0.13043799996376038, -0.127046599984169, -0.12365520745515823, -0.12026381492614746, -0.11687241494655609, -0.11348102241754532, -0.11008962988853455, -0.10669822990894318, -0.1033068373799324, -0.09991544485092163, -0.09652404487133026, -0.09313265234231949, -0.08974125981330872, -0.08634985983371735, -0.08295846730470657, -0.0795670747756958, -0.07617567479610443, -0.07278428226709366, -0.06939288973808289, -0.06600148975849152, -0.06261009722948074, -0.05921870470046997, -0.0558273121714592, -0.05243591219186783, -0.049044519662857056, -0.04565312713384628, -0.04226172715425491, -0.03887033462524414, -0.03547894209623337, -0.032087542116642, -0.028696149587631226, -0.025304757058620453, -0.021913357079029083, -0.01852196455001831, -0.015130572021007538, -0.011739179491996765, -0.008347779512405396, -0.004956386983394623, -0.00156499445438385, 0.0018264055252075195, 0.005217798054218292, 0.008609194308519363, 0.012000586837530136, 0.015391983091831207, 0.01878337934613228, 0.02217477187514305, 0.025566168129444122, 0.028957560658454895, 0.032348956912755966, 0.03574035316705704, 0.03913174569606781, 0.04252314195036888, 0.04591453820466995, 0.049305930733680725, 0.052697326987981796, 0.05608872324228287, 0.05948011577129364, 0.06287150830030441, 0.06626290827989578, 0.06965430080890656]}, "gradients/bbox.weight": {"_type": "histogram", "values": [25.0, 0.0, 0.0, 0.0, 0.0, 0.0, 0.0, 75.0, 0.0, 0.0, 0.0, 0.0, 0.0, 25.0, 0.0, 0.0, 25.0, 0.0, 0.0, 0.0, 50.0, 0.0, 25.0, 0.0, 75.0, 0.0, 50.0, 25.0, 0.0, 100.0, 0.0, 75.0, 75.0, 25.0, 75.0, 25.0, 50.0, 100.0, 50.0, 100.0, 75.0, 0.0, 50.0, 1636550.0, 50.0, 75.0, 100.0, 125.0, 125.0, 0.0, 25.0, 25.0, 0.0, 100.0, 25.0, 0.0, 0.0, 0.0, 0.0, 0.0, 0.0, 0.0, 0.0, 25.0], "bins": [-9.5650634765625, -9.345523834228516, -9.125984191894531, -8.906444549560547, -8.686904907226562, -8.467365264892578, -8.247825622558594, -8.028286933898926, -7.808747291564941, -7.589207649230957, -7.369668006896973, -7.150128364562988, -6.930588722229004, -6.7110490798950195, -6.491509437561035, -6.271970272064209, -6.052430629730225, -5.83289098739624, -5.613351821899414, -5.39381217956543, -5.174272537231445, -4.954732894897461, -4.735193252563477, -4.515653610229492, -4.296113967895508, -4.076574802398682, -3.8570351600646973, -3.637495517730713, -3.4179558753967285, -3.198416233062744, -2.978877067565918, -2.7593374252319336, -2.539797306060791, -2.3202576637268066, -2.1007180213928223, -1.881178855895996, -1.6616392135620117, -1.4420995712280273, -1.222559928894043, -1.0030202865600586, -0.7834811210632324, -0.563941478729248, -0.34440183639526367, -0.1248621940612793, 0.09467744827270508, 0.31421709060668945, 0.5337564945220947, 0.7532958984375, 0.9728355407714844, 1.1923751831054688, 1.411914587020874, 1.6314542293548584, 1.8509936332702637, 2.070533275604248, 2.2900729179382324, 2.509612560272217, 2.729151964187622, 2.9486913681030273, 3.1682310104370117, 3.387770652770996, 3.6073102951049805, 3.8268496990203857, 4.046389102935791, 4.265928745269775, 4.48546838760376]}, "gradients/conv4.weight": {"_type": "histogram", "values": [9.0, 0.0, 0.0, 0.0, 0.0, 0.0, 0.0, 0.0, 0.0, 0.0, 0.0, 0.0, 0.0, 0.0, 0.0, 0.0, 0.0, 0.0, 0.0, 0.0, 0.0, 0.0, 0.0, 0.0, 0.0, 0.0, 0.0, 0.0, 0.0, 0.0, 0.0, 0.0, 0.0, 0.0, 73701.0, 0.0, 0.0, 0.0, 0.0, 0.0, 0.0, 0.0, 9.0, 0.0, 0.0, 0.0, 0.0, 0.0, 0.0, 0.0, 0.0, 0.0, 0.0, 0.0, 0.0, 0.0, 0.0, 0.0, 0.0, 0.0, 0.0, 0.0, 0.0, 9.0],