{"epoch": 6, "loss": 0.8427080494165421, "_timestamp": 1687269807.291122, "_runtime": 199.49807596206665, "_step": 111, "gradients/graph_14bbox2.bias": {"_type": "histogram", "values": [1.0, 0.0, 0.0, 0.0, 0.0, 0.0, 0.0, 0.0, 0.0, 0.0, 0.0, 0.0, 0.0, 0.0, 0.0, 0.0, 0.0, 0.0, 0.0, 0.0, 0.0, 0.0, 0.0, 0.0, 0.0, 0.0, 0.0, 0.0, 0.0, 0.0, 0.0, 0.0, 0.0, 0.0, 0.0, 0.0, 0.0, 0.0, 0.0, 0.0, 0.0, 0.0, 0.0, 0.0, 0.0, 1.0, 0.0, 0.0, 0.0, 0.0, 0.0, 0.0, 0.0, 0.0, 0.0, 0.0, 0.0, 0.0, 0.0, 0.0, 0.0, 1.0, 0.0, 1.0], "bins": [-0.01309153251349926, -0.012833230197429657, -0.012574927881360054, -0.012316625565290451, -0.012058324180543423, -0.01180002186447382, -0.011541719548404217, -0.011283417232334614, -0.01102511491626501, -0.010766813531517982, -0.01050851121544838, -0.010250208899378777, -0.009991906583309174, -0.00973360426723957, -0.009475301951169968, -0.009216999635100365, -0.008958697319030762, -0.008700395002961159, -0.00844209361821413, -0.008183791302144527, -0.007925488986074924, -0.007667187135666609, -0.007408884819597006, -0.007150582503527403, -0.006892280653119087, -0.006633978337049484, -0.006375676020979881, -0.006117373704910278, -0.005859071854501963, -0.00560076953843236, -0.005342467222362757, -0.005084165371954441, -0.004825863521546125, -0.0045675612054765224, -0.004309259355068207, -0.004050957038998604, -0.003792654722929001, -0.003534352872520685, -0.0032760505564510822, -0.0030177482403814793, -0.0027594459243118763, -0.0025011440739035606, -0.0022428417578339577, -0.0019845394417643547, -0.001726237591356039, -0.001467935275286436, -0.0012096329592168331, -0.0009513311088085175, -0.0006930287927389145, -0.0004347267094999552, -0.0001764243934303522, 8.18776898086071e-05, 0.00034018000587821007, 0.0005984820891171694, 0.0008567841723561287, 0.0011150864884257317, 0.001373388571664691, 0.0016316907713189721, 0.0018899929709732533, 0.0021482950542122126, 0.002406597137451172, 0.002664899453520775, 0.002923201536759734, 0.003181503852829337, 0.0034398059360682964]}, "gradients/graph_14bbox2.weight": {"_type": "histogram", "values": [1.0, 0.0, 0.0, 0.0, 0.0, 0.0, 0.0, 0.0, 0.0, 0.0, 0.0, 1.0, 1.0, 0.0, 0.0, 0.0, 3.0, 0.0, 0.0, 0.0, 2.0, 3.0, 2.0, 0.0, 0.0, 1.0, 1.0, 0.0, 2.0, 2.0, 2.0, 6.0, 1.0, 3.0, 1.0, 0.0, 1.0, 1.0, 2.0, 3.0, 3.0, 2.0, 3.0, 4.0, 5.0, 4.0, 7.0, 1902.0, 13.0, 6.0, 12.0, 12.0, 6.0, 4.0, 3.0, 5.0, 5.0, 3.0, 3.0, 2.0, 0.0, 1.0, 2.0, 2.0], "bins": [-0.05414893478155136, -0.05300721898674965, -0.05186549946665764, -0.050723783671855927, -0.049582064151763916, -0.048440348356962204, -0.047298628836870193, -0.04615691304206848, -0.04501519352197647, -0.04387347772717476, -0.04273176193237305, -0.041590042412281036, -0.040448326617479324, -0.039306607097387314, -0.0381648913025856, -0.03702317178249359, -0.03588145598769188, -0.03473974019289017, -0.03359802067279816, -0.032456301152706146, -0.031314585357904434, -0.030172869563102722, -0.02903115190565586, -0.027889434248209, -0.02674771659076214, -0.025605998933315277, -0.024464281275868416, -0.023322563618421555, -0.022180847823619843, -0.021039128303527832, -0.01989741250872612, -0.01875569298863411, -0.017613979056477547, -0.016472263261675835, -0.015330543741583824, -0.014188827946782112, -0.013047108426690102, -0.01190539263188839, -0.010763674974441528, -0.009621957316994667, -0.008480239659547806, -0.0073385220021009445, -0.006196804344654083, -0.005055086687207222, -0.00391337089240551, -0.0027716532349586487, -0.0016299355775117874, -0.00048821792006492615, 0.0006534997373819351, 0.0017952173948287964, 0.0029369350522756577, 0.004078651778399944, 0.005220369435846806, 0.006362087093293667, 0.0075038038194179535, 0.008645521476864815, 0.009787239134311676, 0.010928956791758537, 0.012070674449205399, 0.013212391175329685, 0.014354108832776546, 0.015495826490223408, 0.016637543216347694, 0.017779260873794556, 0.018920978531241417]}, "gradients/graph_14bbox.bias": {"_type": "histogram", "values": [1.0, 0.0, 0.0, 0.0, 0.0, 0.0, 0.0, 0.0, 0.0, 0.0, 0.0, 0.0, 0.0, 0.0, 0.0, 0.0, 1.0, 0.0, 1.0, 0.0, 0.0, 1.0, 1.0, 0.0, 0.0, 0.0, 2.0, 0.0, 1.0, 1.0, 0.0, 2.0, 0.0, 1.0, 3.0, 2.0, 2.0, 3.0, 1.0, 1.0, 1.0, 2.0, 2.0, 0.0, 475.0, 1.0, 2.0, 0.0, 0.0, 0.0, 0.0, 0.0, 1.0, 1.0, 0.0, 1.0, 0.0, 0.0, 1.0, 0.0, 0.0, 0.0, 0.0, 1.0], "bins": [-0.015702392905950546, -0.01534860860556364, -0.014994824305176735, -0.014641040936112404, -0.014287256635725498, -0.013933472335338593, -0.013579688034951687, -0.013225903734564781, -0.012872119434177876, -0.01251833513379097, -0.012164551764726639, -0.011810767464339733, -0.011456983163952827, -0.011103198863565922, -0.010749414563179016, -0.010395631194114685, -0.010041845962405205, -0.009688062593340874, -0.009334278292953968, -0.008980493992567062, -0.008626709692180157, -0.008272925391793251, -0.00791914202272892, -0.007565357722342014, -0.007211573421955109, -0.006857789121568203, -0.006504004821181297, -0.006150220520794392, -0.005796436220407486, -0.005442652851343155, -0.005088868550956249, -0.004735084250569344, -0.004381299484521151, -0.004027515184134245, -0.0036737308837473392, -0.0033199465833604336, -0.0029661632142961025, -0.002612378913909197, -0.002258594613522291, -0.0019048103131353855, -0.0015510260127484798, -0.0011972417123615742, -0.0008434578776359558, -0.0004896735772490501, -0.00013588974252343178, 0.0002178945578634739, 0.0005716788582503796, 0.0009254626929759979, 0.0012792469933629036, 0.0016330312937498093, 0.0019868151284754276, 0.0023405994288623333, 0.002694383729249239, 0.003048167796805501, 0.003401951864361763, 0.0037557361647486687, 0.004109520465135574, 0.004463304299861193, 0.004817088600248098, 0.005170872434973717, 0.005524656735360622, 0.005878441035747528, 0.006232225336134434, 0.006586009170860052, 0.006939793471246958]}, "gradients/graph_14bbox.weight": {"_type": "histogram", "values": [0.0, 0.0, 0.0, 0.0, 0.0, 0.0, 0.0, 0.0, 0.0, 0.0, 0.0, 0.0, 0.0, 0.0, 0.0, 0.0, 0.0, 0.0, 0.0, 0.0, 0.0, 0.0, 0.0, 0.0, 0.0, 0.0, 0.0, 0.0, 0.0, 0.0, 0.0, 0.0, 1638400.0, 0.0, 0.0, 0.0, 0.0, 0.0, 0.0, 0.0, 0.0, 0.0, 0.0, 0.0, 0.0, 0.0, 0.0, 0.0, 0.0, 0.0, 0.0, 0.0, 0.0, 0.0, 0.0, 0.0, 0.0, 0.0, 0.0, 0.0, 0.0, 0.0, 0.0, 0.0], "bins": [0.0, 0.0, 0.0, 0.0, 0.0, 0.0, 0.0, 0.0, 0.0, 0.0, 0.0, 0.0, 0.0, 0.0, 0.0, 0.0, 0.0, 0.0, 0.0, 0.0, 0.0, 0.0, 0.0, 0.0, 0.0, 0.0, 0.0, 0.0, 0.0, 0.0, 0.0, 0.0, 0.0, 0.0, 0.0, 0.0, 0.0, 0.0, 0.0, 0.0, 0.0, 0.0, 0.0, 0.0, 0.0, 0.0, 0.0, 0.0, 0.0, 0.0, 0.0, 0.0, 0.0, 0.0, 0.0, 0.0, 0.0, 0.0, 0.0, 0.0, 0.0, 0.0, 0.0, 0.0, 0.0]}, "gradients/graph_14bn4.weight": {"_type": "histogram", "values": [0.0, 0.0, 0.0, 0.0, 0.0, 0.0, 0.0, 0.0, 0.0, 0.0, 0.0, 0.0, 0.0, 0.0, 0.0, 0.0, 0.0, 0.0, 0.0, 0.0, 0.0, 0.0, 0.0, 0.0, 0.0, 0.0, 0.0, 0.0, 0.0, 0.0, 0.0, 0.0, 128.0, 0.0, 0.0, 0.0, 0.0, 0.0, 0.0, 0.0, 0.0, 0.0, 0.0, 0.0, 0.0, 0.0, 0.0, 0.0, 0.0, 0.0, 0.0, 0.0, 0.0, 0.0, 0.0, 0.0, 0.0, 0.0, 0.0, 0.0, 0.0, 0.0, 0.0, 0.0], "bins": [0.0, 0.0, 0.0, 0.0, 0.0, 0.0, 0.0, 0.0, 0.0, 0.0, 0.0, 0.0, 0.0, 0.0, 0.0, 0.0, 0.0, 0.0, 0.0, 0.0, 0.0, 0.0, 0.0, 0.0, 0.0, 0.0, 0.0, 0.0, 0.0, 0.0, 0.0, 0.0, 0.0, 0.0, 0.0, 0.0, 0.0, 0.0, 0.0, 0.0, 0.0, 0.0, 0.0, 0.0, 0.0, 0.0, 0.0, 0.0, 0.0, 0.0, 0.0, 0.0, 0.0, 0.0, 0.0, 0.0, 0.0, 0.0, 0.0, 0.0, 0.0, 0.0, 0.0, 0.0, 0.0]}, "gradients/graph_14bn4.bias": {"_type": "histogram", "values": [0.0, 0.0, 0.0, 0.0, 0.0, 0.0, 0.0, 0.0, 0.0, 0.0, 0.0, 0.0, 0.0, 0.0, 0.0, 0.0, 0.0, 0.0, 0.0, 0.0, 0.0, 0.0, 0.0, 0.0, 0.0, 0.0, 0.0, 0.0, 0.0, 0.0, 0.0, 0.0, 128.0, 0.0, 0.0, 0.0, 0.0, 0.0, 0.0, 0.0, 0.0, 0.0, 0.0, 0.0, 0.0, 0.0, 0.0, 0.0, 0.0, 0.0, 0.0, 0.0, 0.0, 0.0, 0.0, 0.0, 0.0, 0.0, 0.0, 0.0, 0.0, 0.0, 0.0, 0.0], "bins": [0.0, 0.0, 0.0, 0.0, 0.0, 0.0, 0.0, 0.0, 0.0, 0.0, 0.0, 0.0, 0.0, 0.0, 0.0, 0.0, 0.0, 0.0, 0.0, 0.0, 0.0, 0.0, 0.0, 0.0, 0.0, 0.0, 0.0, 0.0, 0.0, 0.0, 0.0, 0.0, 0.0, 0.0, 0.0, 0.0, 0.0, 0.0, 0.0, 0.0, 0.0, 0.0, 0.0, 0.0, 0.0, 0.0, 0.0, 0.0, 0.0, 0.0, 0.0, 0.0, 0.0, 0.0, 0.0, 0.0, 0.0, 0.0, 0.0, 0.0, 0.0, 0.0, 0.0, 0.0, 0.0]},