{"epoch": 1, "loss": 9265.025634765625, "_timestamp": 1686942028.828272, "_runtime": 17.904632091522217, "_step": 2, "val_loss": 9849.359654017857, "image": {"_type": "image-file", "sha256": "513f4c03b2973bdd175c6d9e676337d08606283f567024a2b970efc21230c09b", "size": 73564, "path": "media/images/image_1_513f4c03b2973bdd175c.png", "format": "png", "width": 256, "height": 256}, "_wandb": {"runtime": 20}}