{"gradients/bbox_regressor.2.bias": {"_type": "histogram", "values": [1.0, 0.0, 0.0, 0.0, 0.0, 0.0, 0.0, 0.0, 0.0, 0.0, 0.0, 0.0, 0.0, 0.0, 0.0, 0.0, 0.0, 0.0, 0.0, 1.0, 0.0, 0.0, 0.0, 0.0, 0.0, 0.0, 0.0, 0.0, 0.0, 0.0, 0.0, 0.0, 0.0, 0.0, 0.0, 0.0, 0.0, 0.0, 0.0, 0.0, 0.0, 0.0, 0.0, 0.0, 0.0, 0.0, 0.0, 0.0, 0.0, 0.0, 0.0, 0.0, 0.0, 0.0, 0.0, 0.0, 0.0, 0.0, 0.0, 0.0, 0.0, 0.0, 0.0, 2.0], "bins": [-1.2637746334075928, -1.249079704284668, -1.2343847751617432, -1.2196898460388184, -1.2049949169158936, -1.1902998685836792, -1.1756049394607544, -1.1609100103378296, -1.1462150812149048, -1.13152015209198, -1.1168252229690552, -1.1021302938461304, -1.0874353647232056, -1.0727404356002808, -1.0580453872680664, -1.0433504581451416, -1.0286555290222168, -1.013960599899292, -0.9992656707763672, -0.9845707416534424, -0.9698758125305176, -0.9551808834075928, -0.9404858946800232, -0.9257909655570984, -0.9110960364341736, -0.896401047706604, -0.8817061185836792, -0.8670111894607544, -0.8523162603378296, -0.8376213312149048, -0.82292640209198, -0.8082314133644104, -0.7935364246368408, -0.778841495513916, -0.7641465663909912, -0.7494516372680664, -0.7347567081451416, -0.7200617790222168, -0.7053667902946472, -0.6906718611717224, -0.6759768724441528, -0.661281943321228, -0.6465870141983032, -0.6318920850753784, -0.6171971559524536, -0.6025022268295288, -0.587807297706604, -0.5731123089790344, -0.5584173798561096, -0.5437224507331848, -0.5290274620056152, -0.5143325328826904, -0.4996376037597656, -0.4849426746368408, -0.470247745513916, -0.4555527865886688, -0.44085782766342163, -0.4261628985404968, -0.411467969417572, -0.39677301049232483, -0.3820780813694, -0.36738312244415283, -0.352688193321228, -0.33799323439598083, -0.32329830527305603]}, "_timestamp": 1687184841.9736936, "gradients/bbox_regressor.2.weight": {"_type": "histogram", "values": [1.0, 0.0, 0.0, 2.0, 1.0, 3.0, 1.0, 2.0, 2.0, 2.0, 4.0, 7.0, 4.0, 9.0, 7.0, 5.0, 6.0, 3.0, 5.0, 6.0, 6.0, 5.0, 2.0, 6.0, 8.0, 9.0, 11.0, 14.0, 5.0, 6.0, 3.0, 6.0, 5.0, 4.0, 1.0, 3.0, 3.0, 3.0, 3.0, 2.0, 2.0, 0.0, 7.0, 3.0, 2.0, 2.0, 2.0, 1.0, 12.0, 27.0, 37.0, 45.0, 33.0, 21.0, 12.0, 11.0, 9.0, 10.0, 11.0, 7.0, 5.0, 5.0, 584.0, 1.0], "bins": [-37.499305725097656, -36.90313720703125, -36.306968688964844, -35.71079635620117, -35.114627838134766, -34.51845932006836, -33.92228698730469, -33.32611846923828, -32.729949951171875, -32.13378143310547, -31.53761100769043, -30.94144058227539, -30.345272064208984, -29.749103546142578, -29.15293312072754, -28.5567626953125, -27.960594177246094, -27.364425659179688, -26.76825523376465, -26.17208480834961, -25.575916290283203, -24.979747772216797, -24.383577346801758, -23.78740692138672, -23.191238403320312, -22.595069885253906, -21.998899459838867, -21.402729034423828, -20.806560516357422, -20.210391998291016, -19.614221572875977, -19.018051147460938, -18.421884536743164, -17.825716018676758, -17.22954559326172, -16.63337516784668, -16.037206649780273, -15.441038131713867, -14.844867706298828, -14.248698234558105, -13.652528762817383, -13.05635929107666, -12.460189819335938, -11.864020347595215, -11.267850875854492, -10.67168140411377, -10.075511932373047, -9.479342460632324, -8.883172988891602, -8.287003517150879, -7.690834045410156, -7.094664573669434, -6.498495101928711, -5.902325630187988, -5.306156158447266, -4.709986686706543, -4.11381721496582, -3.5176475048065186, -2.921478033065796, -2.3253085613250732, -1.7291390895843506, -1.132969617843628, -0.5368001461029053, 0.05936932563781738, 0.65553879737854]}, "gradients/bbox_regressor.0.bias": {"_type": "histogram", "values": [1.0, 0.0, 0.0, 0.0, 0.0, 3.0, 0.0, 0.0, 2.0, 1.0, 1.0, 0.0, 3.0, 1.0, 0.0, 0.0, 1.0, 0.0, 2.0, 2.0, 3.0, 2.0, 3.0, 2.0, 6.0, 5.0, 3.0, 3.0, 7.0, 4.0, 3.0, 5.0, 6.0, 7.0, 5.0, 8.0, 3.0, 5.0, 3.0, 1.0, 1.0, 1.0, 145.0, 0.0, 0.0, 0.0, 0.0, 0.0, 0.0, 1.0, 1.0, 2.0, 0.0, 0.0, 0.0, 0.0, 0.0, 0.0, 1.0, 0.0, 0.0, 0.0, 2.0, 1.0], "bins": [-0.18749842047691345, -0.18307453393936157, -0.1786506623029709, -0.174226775765419, -0.16980290412902832, -0.16537901759147644, -0.16095514595508575, -0.15653125941753387, -0.1521073877811432, -0.1476835012435913, -0.14325962960720062, -0.13883574306964874, -0.13441187143325806, -0.12998798489570618, -0.1255640983581543, -0.12114022672176361, -0.11671634763479233, -0.11229246854782104, -0.10786858946084976, -0.10344471037387848, -0.0990208312869072, -0.09459695219993591, -0.09017307311296463, -0.08574919402599335, -0.08132530748844147, -0.07690142840147018, -0.0724775493144989, -0.06805367022752762, -0.06362979114055634, -0.05920591950416565, -0.05478203296661377, -0.050358161330223083, -0.0459342822432518, -0.04151039570569992, -0.037086524069309235, -0.032662637531757355, -0.02823876589536667, -0.023814886808395386, -0.019391007721424103, -0.01496712863445282, -0.010543249547481537, -0.006119363009929657, -0.001695483922958374, 0.002728395164012909, 0.007152274250984192, 0.011576153337955475, 0.016000032424926758, 0.02042391151189804, 0.024847790598869324, 0.029271669685840607, 0.03369554877281189, 0.03811942785978317, 0.042543306946754456, 0.04696718975901604, 0.05139106884598732, 0.0558149479329586, 0.060238827019929886, 0.06466270983219147, 0.06908658146858215, 0.07351046800613403, 0.07793434709310532, 0.0823582261800766, 0.08678210526704788, 0.09120598435401917, 0.09562986344099045]}, "gradients/bbox_regressor.0.weight": {"_type": "histogram", "values": [2.0, 1.0, 1.0, 0.0, 1.0, 1.0, 2.0, 6.0, 6.0, 9.0, 9.0, 13.0, 12.0, 19.0, 23.0, 30.0, 40.0, 52.0, 63.0, 71.0, 95.0, 132.0, 165.0, 201.0, 272.0, 357.0, 476.0, 601.0, 876.0, 1174.0, 1698.0, 2298.0, 3220.0, 4695.0, 6967.0, 10572.0, 16762.0, 28456.0, 50241.0, 89703.0, 156686.0, 309605.0, 581480.0, 975979.0, 5494734.0, 65720.0, 30538.0, 19245.0, 8905.0, 4232.0, 2433.0, 1443.0, 898.0, 514.0, 332.0, 165.0, 108.0, 76.0, 40.0, 22.0, 13.0, 9.0, 6.0, 7.0], "bins": [-0.24319252371788025, -0.23769493401050568, -0.2321973443031311, -0.22669975459575653, -0.22120216488838196, -0.2157045602798462, -0.21020697057247162, -0.20470938086509705, -0.19921179115772247, -0.1937142014503479, -0.18821661174297333, -0.18271902203559875, -0.177221417427063, -0.1717238426208496, -0.16622623801231384, -0.16072864830493927, -0.1552310585975647, -0.14973346889019012, -0.14423587918281555, -0.13873827457427979, -0.1332406997680664, -0.12774309515953064, -0.12224550545215607, -0.1167479157447815, -0.11125032603740692, -0.10575273633003235, -0.10025514662265778, -0.0947575569152832, -0.08925995230674744, -0.08376236259937286, -0.07826477289199829, -0.07276718318462372, -0.06726957857608795, -0.06177198886871338, -0.056274399161338806, -0.05077680945396423, -0.04527921974658966, -0.039781615138053894, -0.03428402543067932, -0.02878643572330475, -0.023288846015930176, -0.017791256308555603, -0.01229366660118103, -0.006796069443225861, -0.0012984797358512878, 0.004199109971523285, 0.009696707129478455, 0.015194296836853027, 0.0206918865442276, 0.026189476251602173, 0.031687065958976746, 0.037184663116931915, 0.04268225282430649, 0.04817984253168106, 0.05367743596434593, 0.0591750293970108, 0.06467261910438538, 0.07017020881175995, 0.07566779851913452, 0.08116539567708969, 0.08666298538446426, 0.09216057509183884, 0.097658172249794, 0.10315576195716858, 0.10865335166454315]}, "gradients/features.3.weight": {"_type": "histogram", "values": [9.0, 0.0, 0.0, 0.0, 0.0, 0.0, 4.0, 16.0, 20.0, 10.0, 18.0, 22.0, 0.0, 17.0, 13.0, 24.0, 18.0, 40.0, 27.0, 39.0, 22.0, 50.0, 74.0, 116.0, 118.0, 106.0, 55.0, 81.0, 108.0, 111.0, 84.0, 123.0, 58.0, 166.0, 184.0, 120.0, 276.0, 2055.0, 118.0, 87.0, 57.0, 26.0, 10.0, 0.0, 16.0, 23.0, 15.0, 5.0, 16.0, 13.0, 4.0, 2.0, 11.0, 3.0, 9.0, 0.0, 0.0, 0.0, 0.0, 0.0, 0.0, 2.0, 3.0, 4.0],