{"epoch": 5, "loss": 0.8929395250976085, "_timestamp": 1687284626.5112631, "_runtime": 161.6494541168213, "_step": 91, "gradients/graph_4bbox2.bias": {"_type": "histogram", "values": [1.0, 0.0, 0.0, 0.0, 0.0, 0.0, 0.0, 0.0, 0.0, 1.0, 0.0, 0.0, 0.0, 0.0, 0.0, 0.0, 0.0, 0.0, 0.0, 1.0, 0.0, 0.0, 0.0, 0.0, 0.0, 0.0, 0.0, 0.0, 0.0, 0.0, 0.0, 0.0, 0.0, 0.0, 0.0, 0.0, 0.0, 0.0, 0.0, 0.0, 0.0, 0.0, 0.0, 0.0, 0.0, 0.0, 0.0, 0.0, 0.0, 0.0, 0.0, 0.0, 0.0, 0.0, 0.0, 0.0, 0.0, 0.0, 0.0, 0.0, 0.0, 0.0, 0.0, 1.0], "bins": [-0.0058227661065757275, -0.005759093910455704, -0.00569542171433568, -0.005631749518215656, -0.00556807778775692, -0.005504405591636896, -0.005440733395516872, -0.005377061199396849, -0.005313389003276825, -0.005249716807156801, -0.0051860446110367775, -0.005122372880578041, -0.005058700684458017, -0.004995028488337994, -0.00493135629221797, -0.004867684096097946, -0.0048040118999779224, -0.004740339703857899, -0.004676667973399162, -0.0046129957772791386, -0.004549323581159115, -0.004485651385039091, -0.004421979188919067, -0.004358306992799044, -0.00429463479667902, -0.0042309630662202835, -0.00416729087010026, -0.004103618673980236, -0.004039946477860212, -0.003976274281740189, -0.003912602085620165, -0.003848930122330785, -0.003785257926210761, -0.0037215857300907373, -0.0036579137668013573, -0.0035942415706813335, -0.00353056937456131, -0.003466897178441286, -0.0034032249823212624, -0.0033395530190318823, -0.0032758808229118586, -0.0032122088596224785, -0.0031485366635024548, -0.003084864467382431, -0.0030211922712624073, -0.0029575200751423836, -0.0028938481118530035, -0.0028301759157329798, -0.0027665039524435997, -0.002702831756323576, -0.0026391595602035522, -0.0025754873640835285, -0.002511815167963505, -0.0024481432046741247, -0.002384471008554101, -0.002320799045264721, -0.002257126849144697, -0.0021934546530246735, -0.0021297824569046497, -0.0020661104936152697, -0.002002438297495246, -0.0019387661013752222, -0.0018750940216705203, -0.0018114218255504966, -0.0017477497458457947]}, "gradients/graph_4bbox2.weight": {"_type": "histogram", "values": [1.0, 0.0, 0.0, 0.0, 0.0, 0.0, 1.0, 1.0, 0.0, 0.0, 0.0, 1.0, 1.0, 1.0, 0.0, 0.0, 2.0, 1.0, 1.0, 0.0, 1.0, 1.0, 2.0, 1.0, 2.0, 0.0, 5.0, 1.0, 3.0, 2.0, 3.0, 2.0, 0.0, 1.0, 1.0, 2.0, 3.0, 8.0, 3.0, 4.0, 4.0, 2.0, 4.0, 5.0, 3.0, 8.0, 10.0, 6.0, 10.0, 8.0, 15.0, 10.0, 5.0, 844.0, 7.0, 7.0, 8.0, 2.0, 2.0, 2.0, 3.0, 1.0, 2.0, 1.0], "bins": [-0.056714218109846115, -0.05564655736088753, -0.05457889661192894, -0.053511232137680054, -0.052443571388721466, -0.05137591063976288, -0.05030824989080429, -0.0492405891418457, -0.04817292466759682, -0.04710526391863823, -0.04603760316967964, -0.044969938695430756, -0.04390227794647217, -0.04283461719751358, -0.04176695644855499, -0.040699295699596405, -0.03963163495063782, -0.03856397420167923, -0.037496309727430344, -0.036428648978471756, -0.03536098450422287, -0.03429332375526428, -0.033225663006305695, -0.03215800225734711, -0.03109034150838852, -0.030022678896784782, -0.028955018147826195, -0.027887355536222458, -0.02681969478726387, -0.025752032175660133, -0.024684369564056396, -0.02361670881509781, -0.02254905179142952, -0.021481391042470932, -0.020413730293512344, -0.019346065819263458, -0.01827840507030487, -0.017210744321346283, -0.016143079847097397, -0.015075420029461384, -0.014007757417857647, -0.01294009666889906, -0.011872435919940472, -0.010804773308336735, -0.009737112559378147, -0.00866944994777441, -0.007601789198815823, -0.006534126587212086, -0.005466465838253498, -0.00439880508929491, -0.0033311424776911736, -0.0022634807974100113, -0.001195819117128849, -0.00012815836817026138, 0.0009395033121109009, 0.002007164992392063, 0.0030748266726732254, 0.004142488352954388, 0.00521015003323555, 0.006277811247855425, 0.007345472928136587, 0.008413134142756462, 0.009480795823037624, 0.010548457503318787, 0.011616119183599949]}, "gradients/graph_4bbox.bias": {"_type": "histogram", "values": [1.0, 1.0, 0.0, 0.0, 0.0, 0.0, 0.0, 1.0, 0.0, 1.0, 0.0, 0.0, 0.0, 1.0, 0.0, 0.0, 0.0, 0.0, 0.0, 0.0, 0.0, 1.0, 0.0, 1.0, 1.0, 2.0, 1.0, 1.0, 0.0, 1.0, 0.0, 0.0, 0.0, 1.0, 1.0, 1.0, 0.0, 2.0, 1.0, 0.0, 2.0, 0.0, 1.0, 1.0, 1.0, 1.0, 4.0, 1.0, 1.0, 0.0, 1.0, 1.0, 0.0, 1.0, 1.0, 1.0, 2.0, 1.0, 210.0, 2.0, 3.0, 1.0, 0.0, 1.0], "bins": [-0.008702516555786133, -0.008552934043109417, -0.008403351530432701, -0.008253769017755985, -0.00810418650507927, -0.007954603992402554, -0.00780502101406455, -0.0076554385013878345, -0.007505855988711119, -0.0073562730103731155, -0.0072066904976964, -0.007057107985019684, -0.006907525472342968, -0.006757942959666252, -0.006608360446989536, -0.0064587779343128204, -0.006309195421636105, -0.006159612908959389, -0.006010029930621386, -0.00586044741794467, -0.005710864905267954, -0.005561281926929951, -0.005411699414253235, -0.005262116901576519, -0.005112534388899803, -0.004962951876223087, -0.0048133693635463715, -0.004663786850869656, -0.00451420433819294, -0.004364621359854937, -0.004215038847178221, -0.004065456334501505, -0.003915873821824789, -0.003766291309148073, -0.0036167087964713573, -0.0034671262837946415, -0.0033175433054566383, -0.0031679607927799225, -0.0030183782801032066, -0.002868795767426491, -0.002719213254749775, -0.0025696305092424154, -0.0024200479965656996, -0.0022704654838889837, -0.0021208827383816242, -0.0019713002257049084, -0.0018217177130281925, -0.001672134967520833, -0.0015225524548441172, -0.0013729699421674013, -0.0012233871966600418, -0.001073804683983326, -0.0009242221713066101, -0.0007746395422145724, -0.0006250569131225348, -0.0004754744004458189, -0.0003258917713537812, -0.00017630914226174355, -2.6726629585027695e-05, 0.00012285599950700998, 0.00027243857039138675, 0.0004220211412757635, 0.0005716037703678012, 0.000721186341252178, 0.0008707689121365547]}, "gradients/graph_4bbox.weight": {"_type": "histogram", "values": [25.0, 0.0, 0.0, 0.0, 25.0, 0.0, 0.0, 25.0, 50.0, 0.0, 0.0, 0.0, 0.0, 0.0, 0.0, 0.0, 0.0, 0.0, 0.0, 0.0, 0.0, 25.0, 25.0, 0.0, 50.0, 0.0, 0.0, 0.0, 25.0, 25.0, 25.0, 0.0, 25.0, 50.0, 0.0, 0.0, 0.0, 25.0, 0.0, 50.0, 75.0, 25.0, 25.0, 50.0, 50.0, 75.0, 50.0, 0.0, 100.0, 50.0, 50.0, 75.0, 150.0, 125.0, 1636475.0, 175.0, 150.0, 75.0, 50.0, 0.0, 25.0, 50.0, 25.0, 25.0], "bins": [-0.0029242909513413906, -0.002870857249945402, -0.0028174235485494137, -0.002763990079984069, -0.0027105563785880804, -0.002657122677192092, -0.0026036889757961035, -0.0025502555072307587, -0.00249682180583477, -0.0024433881044387817, -0.0023899544030427933, -0.002336520701646805, -0.00228308723308146, -0.0022296535316854715, -0.002176219830289483, -0.0021227863617241383, -0.00206935266032815, -0.0020159189589321613, -0.001962485257536173, -0.0019090516725555062, -0.0018556179711595178, -0.0018021843861788511, -0.0017487506847828627, -0.001695317099802196, -0.0016418833984062076, -0.001588449813425541, -0.0015350161120295525, -0.0014815825270488858, -0.0014281488256528974, -0.0013747152406722307, -0.0013212815392762423, -0.0012678479542955756, -0.001214414369314909, -0.0011609806679189205, -0.001107546966522932, -0.0010541132651269436, -0.0010006797965615988, -0.0009472460369579494, -0.0008938124519772828, -0.0008403787505812943, -0.0007869451656006277, -0.0007335114642046392, -0.0006800778792239726, -0.0006266441778279841, -0.0005732105928473175, -0.000519776891451329, -0.00046634324826300144, -0.0004129096050746739, -0.00035947596188634634, -0.0003060423186980188, -0.00025260867550969124, -0.0001991750323213637, -0.00014574138913303614, -9.230774594470859e-05, -3.8874102756381035e-05, 1.4559569535776973e-05, 6.799321272410452e-05, 0.00012142685591243207, 0.00017486049910075963, 0.00022829414228908718, 0.0002817278145812452, 0.00033516145776957273, 0.0003885951009579003, 0.00044202874414622784, 0.0004954623873345554]}, "gradients/graph_4conv4.weight": {"_type": "histogram",