{"gradients/bbox_regressor.2.bias": {"_type": "histogram", "values": [1.0, 0.0, 0.0, 0.0, 0.0, 0.0, 0.0, 0.0, 0.0, 1.0, 0.0, 0.0, 0.0, 0.0, 1.0, 0.0, 0.0, 0.0, 0.0, 0.0, 0.0, 0.0, 0.0, 0.0, 0.0, 0.0, 0.0, 0.0, 0.0, 0.0, 0.0, 0.0, 0.0, 0.0, 0.0, 0.0, 0.0, 0.0, 0.0, 0.0, 0.0, 0.0, 0.0, 0.0, 0.0, 0.0, 0.0, 0.0, 0.0, 0.0, 0.0, 0.0, 0.0, 0.0, 0.0, 0.0, 0.0, 0.0, 0.0, 0.0, 0.0, 0.0, 0.0, 1.0], "bins": [-0.004171204753220081, -0.004056922625750303, -0.003942640498280525, -0.003828358603641391, -0.0037140767090022564, -0.0035997945815324783, -0.0034855124540627003, -0.003371230326592922, -0.003256948431953788, -0.0031426665373146534, -0.0030283844098448753, -0.0029141022823750973, -0.002799820154905319, -0.002685538260266185, -0.0025712561327964067, -0.0024569742381572723, -0.0023426921106874943, -0.0022284099832177162, -0.002114128088578582, -0.0019998459611088037, -0.0018855640664696693, -0.0017712819389998913, -0.0016569998115301132, -0.0015427179168909788, -0.0014284357894212008, -0.0013141536619514227, -0.0011998717673122883, -0.0010855896398425102, -0.0009713075123727322, -0.0008570256177335978, -0.0007427434902638197, -0.0006284615956246853, -0.0005141794681549072, -0.00039989734068512917, -0.00028561544604599476, -0.0001713333185762167, -5.705142393708229e-05, 5.723070353269577e-05, 0.00017151283100247383, 0.00028579472564160824, 0.0004000768531113863, 0.0005143589805811644, 0.0006286408752202988, 0.0007429230026900768, 0.0008572051301598549, 0.0009714870247989893, 0.0010857691522687674, 0.0012000511633232236, 0.0013143331743776798, 0.001428615185432136, 0.0015428971964865923, 0.0016571793239563704, 0.0017714613350108266, 0.0018857433460652828, 0.002000025473535061, 0.002114307601004839, 0.0022285894956439734, 0.0023428713902831078, 0.002457153517752886, 0.002571435645222664, 0.002685717772692442, 0.0027999996673315763, 0.0029142817948013544, 0.003028563689440489, 0.003142845816910267]}, "_timestamp": 1687182814.6018121, "gradients/bbox_regressor.2.weight": {"_type": "histogram", "values": [1.0, 0.0, 1.0, 0.0, 2.0, 0.0, 0.0, 0.0, 1.0, 1.0, 1.0, 3.0, 3.0, 0.0, 2.0, 2.0, 2.0, 3.0, 2.0, 2.0, 4.0, 2.0, 3.0, 2.0, 6.0, 11.0, 5.0, 12.0, 16.0, 20.0, 20.0, 15.0, 12.0, 20.0, 24.0, 14.0, 742.0, 4.0, 10.0, 6.0, 2.0, 5.0, 7.0, 5.0, 12.0, 5.0, 1.0, 0.0, 1.0, 1.0, 0.0, 0.0, 1.0, 1.0, 1.0, 3.0, 0.0, 1.0, 0.0, 0.0, 2.0, 1.0, 0.0, 1.0], "bins": [-0.0930885598063469, -0.09053174406290054, -0.0879749283194542, -0.08541810512542725, -0.0828612893819809, -0.08030447363853455, -0.0777476578950882, -0.07519084215164185, -0.0726340264081955, -0.07007720321416855, -0.0675203874707222, -0.06496357172727585, -0.0624067559838295, -0.05984993651509285, -0.0572931207716465, -0.05473630130290985, -0.0521794855594635, -0.04962266981601715, -0.0470658503472805, -0.04450903460383415, -0.041952215135097504, -0.039395399391651154, -0.0368385836482048, -0.034281764179468155, -0.031724948436021805, -0.029168128967285156, -0.026611313223838806, -0.024054497480392456, -0.021497681736946106, -0.018940865993499756, -0.01638404279947281, -0.013827227056026459, -0.011270418763160706, -0.008713603019714355, -0.006156787276268005, -0.0035999640822410583, -0.0010431483387947083, 0.0015136674046516418, 0.004070483148097992, 0.006627298891544342, 0.00918411836028099, 0.01174093410372734, 0.01429775357246399, 0.01685456931591034, 0.01941138505935669, 0.021968204528093338, 0.024525020271539688, 0.027081839740276337, 0.029638655483722687, 0.03219547122716904, 0.034752290695905685, 0.037309106439352036, 0.039865925908088684, 0.042422741651535034, 0.044979557394981384, 0.047536373138427734, 0.05009319260716438, 0.05265001207590103, 0.05520682781934738, 0.05776364356279373, 0.06032045930624008, 0.06287727504968643, 0.06543409824371338, 0.06799091398715973, 0.07054772973060608]}, "gradients/bbox_regressor.0.bias": {"_type": "histogram", "values": [2.0, 0.0, 0.0, 1.0, 0.0, 1.0, 2.0, 0.0, 0.0, 2.0, 1.0, 4.0, 4.0, 2.0, 3.0, 3.0, 4.0, 2.0, 4.0, 1.0, 4.0, 4.0, 2.0, 1.0, 2.0, 5.0, 2.0, 2.0, 1.0, 1.0, 2.0, 2.0, 0.0, 2.0, 0.0, 2.0, 1.0, 179.0, 1.0, 1.0, 1.0, 1.0, 0.0, 0.0, 0.0, 1.0, 0.0, 0.0, 1.0, 0.0, 0.0, 0.0, 0.0, 0.0, 1.0, 0.0, 0.0, 0.0, 0.0, 0.0, 0.0, 0.0, 0.0, 1.0], "bins": [-0.0005454597412608564, -0.0005309759872034192, -0.000516492233145982, -0.0005020084790885448, -0.0004875247541349381, -0.00047304100007750094, -0.00045855724602006376, -0.0004440734919626266, -0.00042958976700901985, -0.00041510601295158267, -0.0004006222588941455, -0.0003861385048367083, -0.0003716547507792711, -0.00035717099672183394, -0.00034268724266439676, -0.00032820351771079004, -0.00031371976365335286, -0.0002992360095959157, -0.0002847522555384785, -0.00027026853058487177, -0.0002557847765274346, -0.0002413010224699974, -0.00022681726841256022, -0.00021233351435512304, -0.00019784976029768586, -0.00018336603534407914, -0.00016888228128664196, -0.00015439852722920477, -0.0001399147731717676, -0.0001254310191143304, -0.00011094729416072369, -9.64635401032865e-05, -8.197975694201887e-05, -6.749600288458169e-05, -5.3012248827144504e-05, -3.852852387353778e-05, -2.4044769816100597e-05, -9.561015758663416e-06, 4.9227382987737656e-06, 1.9406492356210947e-05, 3.389021730981767e-05, 4.837397136725485e-05, 6.285772542469203e-05, 7.734147948212922e-05, 9.18252335395664e-05, 0.00010630898759700358, 0.0001207927125506103, 0.00013527646660804749, 0.00014976022066548467, 0.00016424397472292185, 0.0001787277142284438, 0.00019321146828588098, 0.00020769520779140294, 0.00022217896184884012, 0.0002366627159062773, 0.000251146440859884, 0.0002656301949173212, 0.0002801139489747584, 0.00029459770303219557, 0.00030908145708963275, 0.00032356521114706993, 0.0003380489652045071, 0.00035253269015811384, 0.000367016444215551, 0.0003815001982729882]}, "gradients/bbox_regressor.0.weight": {"_type": "histogram", "values": [23.0, 35.0, 91.0, 132.0, 224.0, 330.0, 473.0, 592.0, 550.0, 722.0, 1046.0, 1502.0, 2103.0, 2510.0, 4059.0, 6130.0, 7068.0, 7212.0, 9485.0, 13024.0, 13986.0, 20147.0, 25639.0, 25787.0, 29673.0, 29551.0, 33147.0, 36430.0, 34376.0, 32606.0, 33929.0, 30297.0, 28702.0, 29970.0, 36891.0, 50681.0, 110892.0, 7410312.0, 14856.0, 10215.0, 4362.0, 4111.0, 2933.0, 3719.0, 2862.0, 727.0, 2613.0, 1837.0, 1596.0, 527.0, 550.0, 858.0, 1812.0, 790.0, 499.0, 323.0, 103.0, 116.0, 266.0, 231.0, 168.0, 30.0, 19.0, 14.0], "bins": [-8.936749509302899e-05, -8.696366421645507e-05, -8.455983333988115e-05, -8.215599518734962e-05, -7.97521643107757e-05, -7.734833343420178e-05, -7.494450255762786e-05, -7.254067168105394e-05, -7.013684080448002e-05, -6.773300265194848e-05, -6.532917177537456e-05, -6.292534089880064e-05, -6.052151002222672e-05, -5.8117675507673994e-05, -5.5713844631100073e-05, -5.3310010116547346e-05, -5.0906179239973426e-05, -4.8502348363399506e-05, -4.609851384884678e-05, -4.369468297227286e-05, -4.129084845772013e-05, -3.888701758114621e-05, -3.648318670457229e-05, -3.407935219001956e-05, -3.167552131344564e-05, -2.9271690436871722e-05, -2.6867855922318995e-05, -2.4464025045745075e-05, -2.2060194169171154e-05, -1.9656363292597234e-05, -1.72525251400657e-05, -1.484869426349178e-05, -1.2444856110960245e-05, -1.0041025234386325e-05, -7.637194357812405e-06, -5.23335620528087e-06, -2.82952532870695e-06, -4.256944521330297e-07, 1.9781364244408906e-06, 4.381970938993618e-06, 6.785801815567538e-06, 9.189632692141458e-06, 1.1593467206694186e-05, 1.3997298083268106e-05, 1.6401128959842026e-05, 1.8804963474394754e-05, 2.1208794350968674e-05, 2.36126288655214e-05, 2.601645974209532e-05, 2.842029061866924e-05, 3.082412513322197e-05, 3.322795600979589e-05, 3.5631790524348617e-05, 3.803562140092254e-05, 4.043945227749646e-05, 4.284328315407038e-05, 4.5247117668623105e-05, 4.765095218317583e-05, 5.005478305974975e-05, 5.245861393632367e-05, 5.486244481289759e-05, 5.726627932745032e-05, 5.967011020402424e-05, 6.207394471857697e-05, 6.447777559515089e-05]}, "gradients/features.3.weight": {"_type": "histogram",