{"epoch": 6, "loss": 0.8833245420455933, "_timestamp": 1687286194.315157, "_runtime": 401.9995210170746, "_step": 112, "gradients/graph_8bbox2.bias": {"_type": "histogram", "values": [1.0, 0.0, 0.0, 0.0, 0.0, 0.0, 0.0, 0.0, 0.0, 0.0, 0.0, 0.0, 0.0, 0.0, 0.0, 2.0, 0.0, 0.0, 0.0, 0.0, 0.0, 0.0, 0.0, 0.0, 0.0, 0.0, 0.0, 0.0, 0.0, 0.0, 0.0, 0.0, 0.0, 0.0, 0.0, 0.0, 0.0, 0.0, 0.0, 0.0, 0.0, 0.0, 0.0, 0.0, 0.0, 0.0, 0.0, 0.0, 0.0, 0.0, 0.0, 0.0, 0.0, 0.0, 0.0, 0.0, 0.0, 0.0, 0.0, 0.0, 0.0, 0.0, 0.0, 1.0], "bins": [-0.0035331612452864647, -0.003456385340541601, -0.0033796096686273813, -0.0033028339967131615, -0.003226058091968298, -0.0031492821872234344, -0.0030725065153092146, -0.0029957308433949947, -0.0029189549386501312, -0.0028421790339052677, -0.002765403361991048, -0.002688627690076828, -0.0026118517853319645, -0.002535075880587101, -0.002458300208672881, -0.0023815245367586613, -0.0023047486320137978, -0.0022279727272689342, -0.0021511970553547144, -0.0020744213834404945, -0.001997645478695631, -0.0019208696903660893, -0.0018440939020365477, -0.001767318113707006, -0.0016905423253774643, -0.0016137665370479226, -0.001536990748718381, -0.001460215076804161, -0.0013834391720592976, -0.001306663267314434, -0.0012298875954002142, -0.0011531119234859943, -0.0010763362515717745, -0.000999560346826911, -0.0009227846749126911, -0.0008460090029984713, -0.0007692330982536077, -0.0006924571935087442, -0.0006156815215945244, -0.0005389057332649827, -0.000462129944935441, -0.00038535415660589933, -0.00030857836827635765, -0.00023180257994681597, -0.00015502679161727428, -7.82510032877326e-05, -1.475214958190918e-06, 7.530057337135077e-05, 0.00015207636170089245, 0.00022885215003043413, 0.0003056279383599758, 0.0003824037266895175, 0.0004591795150190592, 0.0005359553033486009, 0.0006127310916781425, 0.0006895068800076842, 0.0007662826683372259, 0.0008430584566667676, 0.0009198342449963093, 0.000996610033325851, 0.0010733858216553926, 0.0011501616099849343, 0.001226937398314476, 0.0013037131866440177, 0.0013804889749735594]}, "gradients/graph_8bbox2.weight": {"_type": "histogram", "values": [1.0, 0.0, 0.0, 0.0, 0.0, 0.0, 0.0, 0.0, 1.0, 0.0, 0.0, 0.0, 1.0, 1.0, 0.0, 0.0, 1.0, 5.0, 4.0, 4.0, 9.0, 6.0, 4.0, 1.0, 5.0, 3.0, 3.0, 7.0, 12.0, 6.0, 5.0, 9.0, 11.0, 9.0, 8.0, 8.0, 843.0, 8.0, 6.0, 5.0, 5.0, 4.0, 4.0, 4.0, 4.0, 2.0, 2.0, 3.0, 2.0, 2.0, 0.0, 0.0, 1.0, 0.0, 0.0, 2.0, 1.0, 0.0, 0.0, 0.0, 0.0, 0.0, 0.0, 2.0], "bins": [-0.07527893036603928, -0.07319120317697525, -0.07110347598791122, -0.0690157413482666, -0.06692801415920258, -0.06484028697013855, -0.06275255978107452, -0.0606648325920105, -0.058577101677656174, -0.05648937076330185, -0.054401643574237823, -0.0523139163851738, -0.05022618919610977, -0.04813845828175545, -0.04605073109269142, -0.0439630001783371, -0.04187527298927307, -0.039787545800209045, -0.03769981488585472, -0.035612087696790695, -0.03352435678243637, -0.031436629593372345, -0.02934890240430832, -0.027261171489953995, -0.02517344430088997, -0.023085717111825943, -0.02099798619747162, -0.018910259008407593, -0.016822531819343567, -0.014734800904989243, -0.012647069990634918, -0.010559342801570892, -0.008471615612506866, -0.006383888423442841, -0.004296161234378815, -0.0022084303200244904, -0.00012069940567016602, 0.00196702778339386, 0.004054754972457886, 0.00614248588681221, 0.008230213075876236, 0.010317940264940262, 0.012405671179294586, 0.014493398368358612, 0.016581125557422638, 0.018668856471776962, 0.020756583660840988, 0.022844314575195312, 0.02493204176425934, 0.027019768953323364, 0.02910749986767769, 0.031195227056741714, 0.03328295797109604, 0.035370685160160065, 0.03745841234922409, 0.039546139538288116, 0.04163387045264244, 0.043721601366996765, 0.04580932855606079, 0.04789705574512482, 0.04998478293418884, 0.05207251384854317, 0.05416024103760719, 0.05624797195196152, 0.05833569914102554]}, "gradients/graph_8bbox.bias": {"_type": "histogram", "values": [1.0, 0.0, 1.0, 1.0, 0.0, 0.0, 0.0, 0.0, 0.0, 0.0, 0.0, 0.0, 0.0, 0.0, 0.0, 0.0, 0.0, 0.0, 0.0, 0.0, 0.0, 1.0, 0.0, 1.0, 1.0, 0.0, 0.0, 2.0, 0.0, 0.0, 1.0, 0.0, 0.0, 0.0, 0.0, 2.0, 0.0, 0.0, 1.0, 0.0, 0.0, 0.0, 1.0, 2.0, 1.0, 2.0, 0.0, 0.0, 1.0, 2.0, 0.0, 1.0, 1.0, 1.0, 2.0, 5.0, 3.0, 4.0, 2.0, 0.0, 2.0, 1.0, 210.0, 3.0], "bins": [-0.002108688233420253, -0.0020747999660670757, -0.002040911465883255, -0.002007023198530078, -0.001973134931176901, -0.0019392466638237238, -0.001905358280055225, -0.001871469896286726, -0.001837581628933549, -0.0018036933615803719, -0.001769804977811873, -0.001735916594043374, -0.001702028326690197, -0.00166814005933702, -0.001634251675568521, -0.0016003632918000221, -0.001566475024446845, -0.001532586757093668, -0.001498698373325169, -0.0014648099895566702, -0.0014309217222034931, -0.001397033454850316, -0.0013631450710818172, -0.0013292566873133183, -0.0012953684199601412, -0.0012614801526069641, -0.0012275917688384652, -0.0011937033850699663, -0.0011598151177167892, -0.0011259268503636122, -0.0010920384665951133, -0.0010581500828266144, -0.0010242618154734373, -0.0009903735481202602, -0.0009564851061441004, -0.0009225967223756015, -0.0008887084550224245, -0.0008548201294615865, -0.0008209318039007485, -0.0007870434783399105, -0.0007531551527790725, -0.0007192668272182345, -0.0006853785016573966, -0.0006514901760965586, -0.0006176018505357206, -0.0005837135249748826, -0.0005498251994140446, -0.0005159368738532066, -0.0004820485773961991, -0.0004481602518353611, -0.00041427192627452314, -0.00038038360071368515, -0.00034649527515284717, -0.0003126069495920092, -0.0002787186240311712, -0.0002448302984703332, -0.00021094197290949523, -0.00017705364734865725, -0.00014316532178781927, -0.00010927698895102367, -7.538866339018568e-05, -4.15003378293477e-05, -7.612012268509716e-06, 2.6276313292328268e-05, 6.016463885316625e-05]}, "gradients/graph_8bbox.weight": {"_type": "histogram", "values": [25.0, 0.0, 0.0, 0.0, 0.0, 0.0, 50.0, 0.0, 0.0, 0.0, 0.0, 0.0, 0.0, 0.0, 50.0, 25.0, 0.0, 0.0, 75.0, 50.0, 0.0, 25.0, 25.0, 0.0, 25.0, 25.0, 25.0, 75.0, 50.0, 50.0, 100.0, 50.0, 100.0, 50.0, 75.0, 175.0, 200.0, 150.0, 500.0, 375.0, 575.0, 150.0, 3272450.0, 300.0, 175.0, 150.0, 200.0, 50.0, 75.0, 25.0, 75.0, 50.0, 50.0, 0.0, 0.0, 0.0, 25.0, 25.0, 25.0, 0.0, 0.0, 25.0, 0.0, 25.0], "bins": [-0.0014032564358785748, -0.0013701622374355793, -0.001337067922577262, -0.0013039737241342664, -0.0012708795256912708, -0.0012377853272482753, -0.0012046911288052797, -0.0011715968139469624, -0.0011385026155039668, -0.0011054084170609713, -0.0010723141022026539, -0.0010392199037596583, -0.0010061257053166628, -0.0009730315068736672, -0.0009399372502230108, -0.0009068429935723543, -0.0008737487951293588, -0.0008406545966863632, -0.0008075603400357068, -0.0007744660833850503, -0.0007413718849420547, -0.0007082776864990592, -0.0006751834298484027, -0.0006420891731977463, -0.0006089949747547507, -0.0005759007763117552, -0.0005428065196610987, -0.0005097122630104423, -0.0004766180645674467, -0.00044352386612445116, -0.0004104295512661338, -0.00037733535282313824, -0.0003442411543801427, -0.00031114695593714714, -0.0002780527574941516, -0.0002449584426358342, -0.00021186424419283867, -0.00017877004574984312, -0.00014567578909918666, -0.0001125815324485302, -7.948733400553465e-05, -4.63931355625391e-05, -1.3298878911882639e-05, 1.9795377738773823e-05, 5.288957618176937e-05, 8.598377462476492e-05, 0.00011907803127542138, 0.00015217228792607784, 0.0001852664863690734, 0.00021836068481206894, 0.0002514549414627254, 0.0002845491690095514, 0.0003176433965563774, 0.0003507376241032034, 0.0003838318516500294, 0.0004169260791968554, 0.00045002030674368143, 0.00048311453429050744, 0.0005162087618373334, 0.0005493030184879899, 0.0005823972169309855, 0.000615491415373981, 0.0006485856720246375, 0.0006816799286752939, 0.0007147741271182895]}, "gradients/graph_8conv4.weight": {"_type": "histogram",