{"epoch": 0, "loss": 10498.414337158203, "_timestamp": 1686829026.0296152, "_runtime": 15.822524070739746, "_step": 0, "_wandb": {"runtime": 15}}