{"epoch": 0, "loss": 6950.115234375, "_timestamp": 1686848009.3078344, "_runtime": 9.297223329544067, "_step": 0, "_wandb": {"runtime": 12}}