{"gradients/bbox_regressor.2.bias": {"_type": "histogram", "values": [1.0, 0.0, 0.0, 0.0, 0.0, 0.0, 0.0, 0.0, 0.0, 0.0, 0.0, 0.0, 0.0, 0.0, 0.0, 0.0, 0.0, 0.0, 0.0, 0.0, 1.0, 0.0, 0.0, 0.0, 0.0, 0.0, 0.0, 0.0, 0.0, 0.0, 0.0, 0.0, 0.0, 0.0, 0.0, 0.0, 0.0, 0.0, 0.0, 0.0, 0.0, 0.0, 0.0, 0.0, 0.0, 1.0, 0.0, 0.0, 0.0, 0.0, 0.0, 0.0, 0.0, 0.0, 0.0, 0.0, 0.0, 0.0, 0.0, 0.0, 0.0, 0.0, 0.0, 1.0], "bins": [-0.015761900693178177, -0.015385562554001808, -0.01500922441482544, -0.01463288627564907, -0.014256548136472702, -0.013880209997296333, -0.013503871858119965, -0.013127533718943596, -0.012751195579767227, -0.012374857440590858, -0.01199851930141449, -0.011622181162238121, -0.011245843954384327, -0.010869505815207958, -0.01049316767603159, -0.01011682953685522, -0.009740491397678852, -0.009364153258502483, -0.008987815119326115, -0.008611476980149746, -0.008235138840973377, -0.007858800701797009, -0.00748246256262064, -0.007106124423444271, -0.006729787215590477, -0.006353449076414108, -0.0059771109372377396, -0.005600772798061371, -0.005224434658885002, -0.004848096519708633, -0.004471758380532265, -0.004095420241355896, -0.0037190811708569527, -0.003342743031680584, -0.0029664048925042152, -0.0025900667533278465, -0.002213728614151478, -0.001837390474975109, -0.0014610523357987404, -0.0010847141966223717, -0.000708376057446003, -0.00033203884959220886, 4.429928958415985e-05, 0.00042063742876052856, 0.0007969755679368973, 0.001173313707113266, 0.0015496518462896347, 0.0019259899854660034, 0.002302328124642372, 0.002678666263818741, 0.0030550044029951096, 0.0034313425421714783, 0.003807680681347847, 0.004184018354862928, 0.004560356494039297, 0.004936694633215666, 0.0053130327723920345, 0.005689370911568403, 0.006065709050744772, 0.006442046724259853, 0.006818384863436222, 0.007194723002612591, 0.0075710611417889595, 0.007947399280965328, 0.008323737420141697]}, "_timestamp": 1687184507.4341767, "gradients/bbox_regressor.2.weight": {"_type": "histogram", "values": [2.0, 0.0, 0.0, 0.0, 0.0, 0.0, 1.0, 0.0, 0.0, 1.0, 0.0, 0.0, 0.0, 1.0, 1.0, 1.0, 0.0, 0.0, 0.0, 1.0, 0.0, 2.0, 0.0, 2.0, 0.0, 2.0, 2.0, 3.0, 5.0, 8.0, 5.0, 10.0, 5.0, 4.0, 6.0, 10.0, 16.0, 9.0, 15.0, 11.0, 13.0, 765.0, 34.0, 23.0, 14.0, 10.0, 17.0, 8.0, 5.0, 1.0, 0.0, 4.0, 0.0, 0.0, 0.0, 0.0, 1.0, 2.0, 0.0, 1.0, 0.0, 0.0, 2.0, 1.0], "bins": [-0.799446702003479, -0.7801644802093506, -0.7608822584152222, -0.7416000366210938, -0.7223178148269653, -0.7030355930328369, -0.6837533712387085, -0.6644711494445801, -0.6451889276504517, -0.6259067058563232, -0.6066244840621948, -0.5873423218727112, -0.5680601000785828, -0.5487778782844543, -0.5294956564903259, -0.5102134346961975, -0.4909312129020691, -0.4716489911079407, -0.45236676931381226, -0.43308454751968384, -0.4138023257255554, -0.3945201337337494, -0.37523791193962097, -0.35595569014549255, -0.33667346835136414, -0.3173912465572357, -0.2981090545654297, -0.27882683277130127, -0.25954461097717285, -0.24026238918304443, -0.22098016738891602, -0.2016979455947876, -0.18241575360298157, -0.16313353180885315, -0.14385131001472473, -0.12456908822059631, -0.1052868664264679, -0.08600464463233948, -0.06672242283821106, -0.04744023084640503, -0.02815800905227661, -0.008875787258148193, 0.010406434535980225, 0.029688656330108643, 0.04897084832191467, 0.06825307011604309, 0.08753529191017151, 0.10681751370429993, 0.12609973549842834, 0.14538195729255676, 0.16466417908668518, 0.1839464008808136, 0.20322860777378082, 0.22251082956790924, 0.24179303646087646, 0.2610752582550049, 0.2803574800491333, 0.2996397018432617, 0.31892192363739014, 0.33820414543151855, 0.357486367225647, 0.376768559217453, 0.3960507810115814, 0.41533300280570984, 0.43461522459983826]}, "gradients/bbox_regressor.0.bias": {"_type": "histogram", "values": [3.0, 1.0, 3.0, 1.0, 1.0, 4.0, 2.0, 3.0, 3.0, 1.0, 1.0, 1.0, 4.0, 2.0, 1.0, 2.0, 5.0, 2.0, 6.0, 3.0, 3.0, 1.0, 2.0, 2.0, 0.0, 3.0, 0.0, 0.0, 1.0, 0.0, 1.0, 0.0, 0.0, 188.0, 0.0, 0.0, 0.0, 0.0, 0.0, 1.0, 0.0, 2.0, 0.0, 0.0, 1.0, 0.0, 0.0, 0.0, 0.0, 0.0, 0.0, 0.0, 0.0, 0.0, 0.0, 0.0, 0.0, 0.0, 0.0, 0.0, 0.0, 1.0, 0.0, 1.0], "bins": [-0.00171099288854748, -0.0016592360334470868, -0.0016074791783466935, -0.0015557223232463002, -0.001503965468145907, -0.0014522086130455136, -0.0014004517579451203, -0.001348694902844727, -0.0012969380477443337, -0.0012451811926439404, -0.0011934242211282253, -0.001141667366027832, -0.0010899105109274387, -0.0010381536558270454, -0.0009863968007266521, -0.0009346400038339198, -0.0008828831487335265, -0.0008311262936331332, -0.0007793694385327399, -0.0007276125252246857, -0.0006758556701242924, -0.0006240988150238991, -0.0005723419599235058, -0.0005205851048231125, -0.0004688282497227192, -0.0004170713946223259, -0.0003653145395219326, -0.0003135576844215393, -0.000261800829321146, -0.00021004397422075272, -0.00015828711912035942, -0.00010653026401996613, -5.477340891957283e-05, -3.016553819179535e-06, 4.874030128121376e-05, 0.00010049715638160706, 0.00015225401148200035, 0.00020401086658239365, 0.00025576772168278694, 0.00030752457678318024, 0.00035928143188357353, 0.00041103828698396683, 0.0004627951420843601, 0.0005145519971847534, 0.0005663088522851467, 0.00061806570738554, 0.0006698226206935942, 0.0007215794757939875, 0.0007733363308943808, 0.0008250931859947741, 0.0008768500410951674, 0.0009286068961955607, 0.000980363693088293, 0.0010321205481886864, 0.0010838774032890797, 0.0011356343748047948, 0.001187391229905188, 0.0012391480850055814, 0.0012909049401059747, 0.001342661795206368, 0.0013944186503067613, 0.0014461755054071546, 0.0014979323605075479, 0.0015496892156079412, 0.0016014460707083344]}, "gradients/bbox_regressor.0.weight": {"_type": "histogram", "values": [1.0, 3.0, 6.0, 1.0, 9.0, 12.0, 16.0, 28.0, 31.0, 55.0, 73.0, 88.0, 106.0, 137.0, 196.0, 213.0, 308.0, 456.0, 836.0, 1565.0, 5069.0, 9930.0, 18217.0, 46319.0, 89255.0, 165067.0, 283326.0, 665452.0, 6531716.0, 30480.0, 9792.0, 4786.0, 4482.0, 2051.0, 1322.0, 698.0, 120.0, 80.0, 35.0, 38.0, 20.0, 17.0, 20.0, 16.0, 16.0, 6.0, 7.0, 3.0, 10.0, 6.0, 0.0, 3.0, 2.0, 1.0, 5.0, 2.0, 0.0, 0.0, 2.0, 0.0, 0.0, 0.0, 0.0, 1.0], "bins": [-0.0014443484833464026, -0.0013929043198004365, -0.0013414601562544703, -0.0012900159927085042, -0.001238571829162538, -0.001187127665616572, -0.0011356836184859276, -0.0010842394549399614, -0.0010327952913939953, -0.0009813511278480291, -0.0009299069060944021, -0.0008784627425484359, -0.0008270186372101307, -0.0007755744736641645, -0.0007241303101181984, -0.0006726861465722322, -0.0006212419830262661, -0.0005697978194803, -0.0005183536559343338, -0.00046690949238836765, -0.0004154653288424015, -0.00036402116529643536, -0.0003125770017504692, -0.00026113283820450306, -0.00020968879107385874, -0.0001582446275278926, -0.00010680046398192644, -5.535630043596029e-05, -3.9121368899941444e-06, 4.7532026655972004e-05, 9.897619020193815e-05, 0.0001504203537479043, 0.00020186451729387045, 0.0002533086808398366, 0.00030475284438580275, 0.0003561970079317689, 0.00040764117147773504, 0.0004590853350237012, 0.0005105294985696673, 0.0005619736621156335, 0.0006134178256615996, 0.000664861872792244, 0.0007163060363382101, 0.0007677501998841763, 0.0008191943634301424, 0.0008706385269761086, 0.0009220826905220747, 0.0009735268540680408, 0.001024971017614007, 0.0010764151811599731, 0.0011278593447059393, 0.0011793035082519054, 0.0012307476717978716, 0.0012821918353438377, 0.0013336359988898039, 0.00138508016243577, 0.0014365243259817362, 0.0014879684895277023, 0.0015394126530736685, 0.0015908567002043128, 0.001642300863750279, 0.001693745027296245, 0.0017451891908422112, 0.0017966333543881774, 0.0018480775179341435]}, "gradients/features.3.weight": {"_type": "histogram",