{"epoch": 0, "loss": 1.1389306783676147, "_timestamp": 1687296655.290309, "_runtime": 62.101479053497314, "_step": 0}