{"epoch": 5, "loss": 1.0368618369102478, "_timestamp": 1687296236.1546924, "_runtime": 77.95722031593323, "_step": 12, "val_loss": 1.0123915331704276, "val_image": {"_type": "image-file", "sha256": "538beae438ef869b03c05600537592945af45347cb49bea7db72606ba0333331", "size": 24101, "path": "media/images/val_image_11_538beae438ef869b03c0.png", "format": "png", "width": 126, "height": 126}, "_wandb": {"runtime": 77}}