{"epoch": 6, "loss": 0.8103994017839432, "_timestamp": 1687269596.7935412, "_runtime": 181.28064608573914, "_step": 111, "gradients/graph_13bbox2.bias": {"_type": "histogram", "values": [1.0, 0.0, 0.0, 0.0, 0.0, 0.0, 0.0, 0.0, 0.0, 0.0, 0.0, 0.0, 0.0, 0.0, 0.0, 0.0, 0.0, 0.0, 0.0, 0.0, 0.0, 0.0, 0.0, 0.0, 0.0, 0.0, 0.0, 0.0, 0.0, 0.0, 0.0, 0.0, 0.0, 0.0, 0.0, 0.0, 0.0, 0.0, 0.0, 0.0, 0.0, 0.0, 0.0, 0.0, 1.0, 0.0, 0.0, 0.0, 0.0, 0.0, 0.0, 0.0, 0.0, 0.0, 0.0, 0.0, 0.0, 0.0, 0.0, 0.0, 1.0, 0.0, 0.0, 1.0], "bins": [-0.010114694014191628, -0.010023637674748898, -0.009932581335306168, -0.009841524995863438, -0.009750468656420708, -0.009659412316977978, -0.009568355977535248, -0.009477299638092518, -0.009386243298649788, -0.009295187890529633, -0.009204131551086903, -0.009113075211644173, -0.009022018872201443, -0.008930962532758713, -0.008839906193315983, -0.008748849853873253, -0.008657793514430523, -0.008566737174987793, -0.008475680835545063, -0.008384624496102333, -0.008293568156659603, -0.008202511817216873, -0.008111455477774143, -0.008020399138331413, -0.007929342798888683, -0.007838286459445953, -0.007747230585664511, -0.007656174246221781, -0.007565117906779051, -0.007474061567336321, -0.007383005693554878, -0.007291949354112148, -0.007200893014669418, -0.007109836675226688, -0.0070187803357839584, -0.0069277239963412285, -0.0068366676568984985, -0.006745611317455769, -0.006654554978013039, -0.006563498638570309, -0.006472442299127579, -0.006381385959684849, -0.006290329620242119, -0.006199273746460676, -0.006108217407017946, -0.006017161067575216, -0.005926104728132486, -0.005835048388689756, -0.0057439920492470264, -0.0056529357098042965, -0.005561879836022854, -0.005470823496580124, -0.005379767157137394, -0.005288710817694664, -0.005197654478251934, -0.005106598138809204, -0.005015541799366474, -0.004924485459923744, -0.004833429120481014, -0.004742372781038284, -0.004651316907256842, -0.004560260567814112, -0.004469204228371382, -0.004378147888928652, -0.004287091549485922]}, "gradients/graph_13bbox2.weight": {"_type": "histogram", "values": [1.0, 0.0, 0.0, 0.0, 0.0, 1.0, 0.0, 0.0, 1.0, 1.0, 0.0, 0.0, 0.0, 1.0, 1.0, 0.0, 0.0, 1.0, 1.0, 2.0, 1.0, 6.0, 2.0, 0.0, 3.0, 4.0, 3.0, 5.0, 5.0, 4.0, 8.0, 2.0, 2.0, 5.0, 1.0, 3.0, 2.0, 11.0, 2.0, 9.0, 3.0, 1.0, 6.0, 3.0, 6.0, 4.0, 4.0, 2.0, 2.0, 0.0, 2.0, 0.0, 2.0, 3.0, 1919.0, 1.0, 0.0, 0.0, 1.0, 0.0, 0.0, 0.0, 0.0, 1.0], "bins": [-0.035578396171331406, -0.03492423892021179, -0.03427008539438248, -0.03361592814326286, -0.03296177461743355, -0.032307617366313934, -0.03165346384048462, -0.030999306589365005, -0.03034515120089054, -0.029690995812416077, -0.029036840423941612, -0.028382685035467148, -0.027728529646992683, -0.02707437425851822, -0.026420217007398605, -0.02576606348156929, -0.025111906230449677, -0.02445775270462036, -0.023803595453500748, -0.023149440065026283, -0.02249528467655182, -0.021841129288077354, -0.02118697389960289, -0.020532818511128426, -0.01987866312265396, -0.019224507734179497, -0.018570352345705032, -0.01791619509458542, -0.017262039706110954, -0.01660788431763649, -0.015953728929162025, -0.015299573540687561, -0.014645419083535671, -0.013991263695061207, -0.013337108306586742, -0.012682952918112278, -0.012028797529637814, -0.01137464214116335, -0.010720484890043736, -0.010066329501569271, -0.009412174113094807, -0.008758018724620342, -0.008103863336145878, -0.007449707947671413, -0.006795552559196949, -0.006141397170722485, -0.0054872408509254456, -0.004833085462450981, -0.004178930073976517, -0.0035247746855020523, -0.002870619297027588, -0.002216462977230549, -0.0015623075887560844, -0.00090815220028162, -0.0002539968118071556, 0.0004001590423285961, 0.0010543144308030605, 0.001708469819277525, 0.0023626256734132767, 0.003016781061887741, 0.003670936683192849, 0.004325092304497957, 0.004979247692972422, 0.005633403547108173, 0.006287558935582638]}, "gradients/graph_13bbox.bias": {"_type": "histogram", "values": [1.0, 1.0, 0.0, 0.0, 0.0, 0.0, 0.0, 1.0, 0.0, 1.0, 0.0, 1.0, 2.0, 1.0, 0.0, 1.0, 1.0, 0.0, 1.0, 0.0, 1.0, 0.0, 1.0, 1.0, 0.0, 0.0, 2.0, 1.0, 1.0, 3.0, 2.0, 2.0, 0.0, 3.0, 1.0, 0.0, 0.0, 1.0, 0.0, 1.0, 0.0, 0.0, 0.0, 0.0, 0.0, 0.0, 0.0, 0.0, 0.0, 0.0, 0.0, 0.0, 0.0, 0.0, 0.0, 0.0, 0.0, 0.0, 0.0, 0.0, 1.0, 1.0, 0.0, 479.0], "bins": [-0.020101401954889297, -0.019787317141890526, -0.019473232328891754, -0.01915914937853813, -0.01884506456553936, -0.01853097975254059, -0.018216894939541817, -0.017902810126543045, -0.017588727176189423, -0.01727464236319065, -0.01696055755019188, -0.016646472737193108, -0.016332389786839485, -0.016018304973840714, -0.015704220160841942, -0.01539013534784317, -0.015076051466166973, -0.014761967584490776, -0.014447882771492004, -0.014133797958493233, -0.013819714076817036, -0.013505629263818264, -0.013191545382142067, -0.012877460569143295, -0.012563375756144524, -0.012249291874468327, -0.011935207061469555, -0.011621123179793358, -0.011307038366794586, -0.010992954485118389, -0.010678869672119617, -0.01036478579044342, -0.010050700977444649, -0.009736616164445877, -0.00942253228276968, -0.009108447469770908, -0.008794363588094711, -0.00848027877509594, -0.008166194893419743, -0.007852110080420971, -0.0075380257330834866, -0.007223941385746002, -0.006909857038408518, -0.0065957726910710335, -0.006281687878072262, -0.0059676035307347775, -0.005653519183397293, -0.005339434836059809, -0.005025350488722324, -0.00471126614138484, -0.004397181794047356, -0.004083097446709871, -0.0037690128665417433, -0.003454928519204259, -0.003140843939036131, -0.0028267595916986465, -0.002512675244361162, -0.002198590897023678, -0.0018845064332708716, -0.0015704219695180655, -0.001256337622180581, -0.0009422532166354358, -0.0006281688110902905, -0.0003140844055451453, 0.0]}, "gradients/graph_13bbox.weight": {"_type": "histogram", "values": [25.0, 25.0, 0.0, 0.0, 0.0, 0.0, 0.0, 25.0, 0.0, 25.0, 0.0, 25.0, 50.0, 25.0, 0.0, 25.0, 25.0, 0.0, 25.0, 0.0, 25.0, 0.0, 25.0, 25.0, 0.0, 0.0, 50.0, 25.0, 25.0, 75.0, 50.0, 50.0, 0.0, 75.0, 25.0, 0.0, 0.0, 25.0, 0.0, 25.0, 0.0, 0.0, 0.0, 0.0, 0.0, 0.0, 0.0, 0.0, 0.0, 0.0, 0.0, 0.0, 0.0, 0.0, 0.0, 0.0, 0.0, 0.0, 0.0, 0.0, 25.0, 25.0, 0.0, 818375.0], "bins": [-0.004241425544023514, -0.004175153095275164, -0.004108881112188101, -0.004042608663439751, -0.003976336680352688, -0.003910064231604338, -0.0038437917828559875, -0.003777519566938281, -0.0037112473510205746, -0.003644975135102868, -0.0035787029191851616, -0.0035124304704368114, -0.003446158254519105, -0.0033798860386013985, -0.0033136135898530483, -0.003247341373935342, -0.0031810691580176353, -0.003114796942099929, -0.0030485247261822224, -0.0029822522774338722, -0.0029159800615161657, -0.0028497078455984592, -0.002783435396850109, -0.0027171631809324026, -0.002650890965014696, -0.0025846187490969896, -0.002518346533179283, -0.002452074084430933, -0.0023858018685132265, -0.00231952965259552, -0.00225325720384717, -0.0021869849879294634, -0.002120712772011757, -0.0020544405560940504, -0.001988168340176344, -0.0019218958914279938, -0.0018556236755102873, -0.0017893514595925808, -0.0017230791272595525, -0.0016568067949265242, -0.0015905345790088177, -0.0015242623630911112, -0.0014579900307580829, -0.0013917176984250546, -0.001325445482507348, -0.0012591732665896416, -0.0011929009342566133, -0.001126628601923585, -0.0010603563860058784, -0.000994084170088172, -0.0009278118377551436, -0.0008615395636297762, -0.0007952672895044088, -0.0007289950153790414, -0.000662722741253674, -0.0005964504671283066, -0.0005301781930029392, -0.0004639059188775718, -0.0003976336447522044, -0.000331361370626837, -0.0002650890965014696, -0.0001988168223761022, -0.0001325445482507348, -6.62722741253674e-05, 0.0]}, "gradients/graph_13conv4.weight": {"_type": "histogram",