{"epoch": 0, "loss": 10616.620849609375, "_timestamp": 1686846850.5262644, "_runtime": 12.120126485824585, "_step": 0, "_wandb": {"runtime": 16}}