{"epoch": 0, "loss": 75471.458984375, "prediction": [1.166300654411316, 1.3732435703277588, 0.5745564699172974, 1.996961236000061], "true": [[120.0, 120.0, 85.0, 85.0]], "_timestamp": 1686741445.2003894, "_runtime": 16.385374307632446, "_step": 1, "_wandb": {"runtime": 21}}