{"epoch": 0, "loss": 10013.064361572266, "_timestamp": 1686828965.4619367, "_runtime": 10.32527780532837, "_step": 0, "_wandb": {"runtime": 9}}