{"epoch": 0, "loss": 2.4908978044986725, "_timestamp": 1687208229.33931, "_runtime": 6.773468971252441, "_step": 0, "_wandb": {"runtime": 6}}